"PdfName","UpdateCheck"
"https://www.ncbi.nlm.nih.gov/pubmed/27923194",1
"https://www.ncbi.nlm.nih.gov/pubmed/28572435",0
"https://www.ncbi.nlm.nih.gov/pubmed/28572626",0
"https://www.ncbi.nlm.nih.gov/pubmed/27923181",1
"https://www.ncbi.nlm.nih.gov/pubmed/27923157",1
"https://www.ncbi.nlm.nih.gov/pubmed/28572738",0
"https://www.ncbi.nlm.nih.gov/pubmed/28572779",0
"https://www.ncbi.nlm.nih.gov/pubmed/28572787",0
"https://www.ncbi.nlm.nih.gov/pubmed/28572859",0
"https://www.ncbi.nlm.nih.gov/pubmed/28572892",0
"https://www.ncbi.nlm.nih.gov/pubmed/28573138",0
"https://www.ncbi.nlm.nih.gov/pubmed/28573220",0
"https://www.ncbi.nlm.nih.gov/pubmed/28573368",0
"https://www.ncbi.nlm.nih.gov/pubmed/28573402",0
"https://www.ncbi.nlm.nih.gov/pubmed/28573442",0
"https://www.ncbi.nlm.nih.gov/pubmed/28573448",0
"https://www.ncbi.nlm.nih.gov/pubmed/28573475",0
"https://www.ncbi.nlm.nih.gov/pubmed/28573528",0
"https://www.ncbi.nlm.nih.gov/pubmed/28573658",0
"https://www.ncbi.nlm.nih.gov/pubmed/28573662",0
"https://www.ncbi.nlm.nih.gov/pubmed/28573672",0
"https://www.ncbi.nlm.nih.gov/pubmed/28573811",0
"https://www.ncbi.nlm.nih.gov/pubmed/28574277",0
"https://www.ncbi.nlm.nih.gov/pubmed/28574297",0
"https://www.ncbi.nlm.nih.gov/pubmed/28574331",0
"https://www.ncbi.nlm.nih.gov/pubmed/28574333",0
"https://www.ncbi.nlm.nih.gov/pubmed/28574585",0
"https://www.ncbi.nlm.nih.gov/pubmed/28574722",0
"https://www.ncbi.nlm.nih.gov/pubmed/28574740",0
"https://www.ncbi.nlm.nih.gov/pubmed/28574777",0
"https://www.ncbi.nlm.nih.gov/pubmed/28574798",0
"https://www.ncbi.nlm.nih.gov/pubmed/28574832",0
"https://www.ncbi.nlm.nih.gov/pubmed/28574945",0
"https://www.ncbi.nlm.nih.gov/pubmed/28574965",0
"https://www.ncbi.nlm.nih.gov/pubmed/28574972",0
"https://www.ncbi.nlm.nih.gov/pubmed/28574973",0
"https://www.ncbi.nlm.nih.gov/pubmed/28575049",0
"https://www.ncbi.nlm.nih.gov/pubmed/28575059",0
"https://www.ncbi.nlm.nih.gov/pubmed/28575234",0
"https://www.ncbi.nlm.nih.gov/pubmed/28575254",0
"https://www.ncbi.nlm.nih.gov/pubmed/28575268",0
"https://www.ncbi.nlm.nih.gov/pubmed/28575269",0
"https://www.ncbi.nlm.nih.gov/pubmed/28575306",0
"https://www.ncbi.nlm.nih.gov/pubmed/28575412",0
"https://www.ncbi.nlm.nih.gov/pubmed/28575424",0
"https://www.ncbi.nlm.nih.gov/pubmed/28575463",0
"https://www.ncbi.nlm.nih.gov/pubmed/28575476",0
"https://www.ncbi.nlm.nih.gov/pubmed/28575505",0
"https://www.ncbi.nlm.nih.gov/pubmed/28575514",0
"https://www.ncbi.nlm.nih.gov/pubmed/28575645",0
"https://www.ncbi.nlm.nih.gov/pubmed/28575646",0
"https://www.ncbi.nlm.nih.gov/pubmed/28575715",0
"https://www.ncbi.nlm.nih.gov/pubmed/28575716",0
"https://www.ncbi.nlm.nih.gov/pubmed/28575743",0
"https://www.ncbi.nlm.nih.gov/pubmed/28575763",0
"https://www.ncbi.nlm.nih.gov/pubmed/28575765",0
"https://www.ncbi.nlm.nih.gov/pubmed/28575777",0
"https://www.ncbi.nlm.nih.gov/pubmed/28575783",0
"https://www.ncbi.nlm.nih.gov/pubmed/28576114",0
"https://www.ncbi.nlm.nih.gov/pubmed/28576173",0
"https://www.ncbi.nlm.nih.gov/pubmed/28576305",0
"https://www.ncbi.nlm.nih.gov/pubmed/28576603",0
"https://www.ncbi.nlm.nih.gov/pubmed/28576672",0
"https://www.ncbi.nlm.nih.gov/pubmed/28576732",0
"https://www.ncbi.nlm.nih.gov/pubmed/28576734",0
"https://www.ncbi.nlm.nih.gov/pubmed/28576897",0
"https://www.ncbi.nlm.nih.gov/pubmed/28576941",0
"https://www.ncbi.nlm.nih.gov/pubmed/28577092",0
"https://www.ncbi.nlm.nih.gov/pubmed/28577159",0
"https://www.ncbi.nlm.nih.gov/pubmed/28577223",0
"https://www.ncbi.nlm.nih.gov/pubmed/28577264",0
"https://www.ncbi.nlm.nih.gov/pubmed/28577267",0
"https://www.ncbi.nlm.nih.gov/pubmed/28577352",0
"https://www.ncbi.nlm.nih.gov/pubmed/28577358",0
"https://www.ncbi.nlm.nih.gov/pubmed/28577433",0
"https://www.ncbi.nlm.nih.gov/pubmed/28577473",0
"https://www.ncbi.nlm.nih.gov/pubmed/28577505",0
"https://www.ncbi.nlm.nih.gov/pubmed/28577548",0
"https://www.ncbi.nlm.nih.gov/pubmed/28577582",0
"https://www.ncbi.nlm.nih.gov/pubmed/28577583",0
"https://www.ncbi.nlm.nih.gov/pubmed/28577589",0
"https://www.ncbi.nlm.nih.gov/pubmed/28577600",0
"https://www.ncbi.nlm.nih.gov/pubmed/28577605",0
"https://www.ncbi.nlm.nih.gov/pubmed/28577606",0
"https://www.ncbi.nlm.nih.gov/pubmed/28577628",0
"https://www.ncbi.nlm.nih.gov/pubmed/28577689",0
"https://www.ncbi.nlm.nih.gov/pubmed/28577871",0
"https://www.ncbi.nlm.nih.gov/pubmed/28577987",0
"https://www.ncbi.nlm.nih.gov/pubmed/28577990",0
"https://www.ncbi.nlm.nih.gov/pubmed/28577999",0
"https://www.ncbi.nlm.nih.gov/pubmed/28578134",0
"https://www.ncbi.nlm.nih.gov/pubmed/28578176",0
"https://www.ncbi.nlm.nih.gov/pubmed/28578182",0
"https://www.ncbi.nlm.nih.gov/pubmed/28578206",0
"https://www.ncbi.nlm.nih.gov/pubmed/28578208",0
"https://www.ncbi.nlm.nih.gov/pubmed/28578215",0
"https://www.ncbi.nlm.nih.gov/pubmed/28578248",0
"https://www.ncbi.nlm.nih.gov/pubmed/28578330",0
"https://www.ncbi.nlm.nih.gov/pubmed/28578442",0
"https://www.ncbi.nlm.nih.gov/pubmed/28578453",0
"https://www.ncbi.nlm.nih.gov/pubmed/28186569",0
"https://www.ncbi.nlm.nih.gov/pubmed/28204603",0
"https://www.ncbi.nlm.nih.gov/pubmed/28204727",0
"https://www.ncbi.nlm.nih.gov/pubmed/28578592",0
"https://www.ncbi.nlm.nih.gov/pubmed/28578610",0
"https://www.ncbi.nlm.nih.gov/pubmed/28578611",0
"https://www.ncbi.nlm.nih.gov/pubmed/28578665",0
"https://www.ncbi.nlm.nih.gov/pubmed/28578724",0
"https://www.ncbi.nlm.nih.gov/pubmed/28578740",0
"https://www.ncbi.nlm.nih.gov/pubmed/28578901",0
"https://www.ncbi.nlm.nih.gov/pubmed/28578902",0
"https://www.ncbi.nlm.nih.gov/pubmed/28578922",0
"https://www.ncbi.nlm.nih.gov/pubmed/28578986",0
"https://www.ncbi.nlm.nih.gov/pubmed/28579058",0
"https://www.ncbi.nlm.nih.gov/pubmed/28579071",0
"https://www.ncbi.nlm.nih.gov/pubmed/28579072",0
"https://www.ncbi.nlm.nih.gov/pubmed/28579287",0
"https://www.ncbi.nlm.nih.gov/pubmed/28579354",0
"https://www.ncbi.nlm.nih.gov/pubmed/28579482",0
"https://www.ncbi.nlm.nih.gov/pubmed/28579485",0
"https://www.ncbi.nlm.nih.gov/pubmed/28579659",0
"https://www.ncbi.nlm.nih.gov/pubmed/28579660",0
"https://www.ncbi.nlm.nih.gov/pubmed/28579759",0
"https://www.ncbi.nlm.nih.gov/pubmed/28579782",0
"https://www.ncbi.nlm.nih.gov/pubmed/28579785",0
"https://www.ncbi.nlm.nih.gov/pubmed/28579817",0
"https://www.ncbi.nlm.nih.gov/pubmed/28579819",0
"https://www.ncbi.nlm.nih.gov/pubmed/28579822",0
"https://www.ncbi.nlm.nih.gov/pubmed/28579928",0
"https://www.ncbi.nlm.nih.gov/pubmed/28579932",0
"https://www.ncbi.nlm.nih.gov/pubmed/28579944",0
"https://www.ncbi.nlm.nih.gov/pubmed/28579958",0
"https://www.ncbi.nlm.nih.gov/pubmed/28580093",0
"https://www.ncbi.nlm.nih.gov/pubmed/28580124",0
"https://www.ncbi.nlm.nih.gov/pubmed/28580164",0
"https://www.ncbi.nlm.nih.gov/pubmed/28580183",0
"https://www.ncbi.nlm.nih.gov/pubmed/28580276",0
"https://www.ncbi.nlm.nih.gov/pubmed/28580289",0
"https://www.ncbi.nlm.nih.gov/pubmed/28580293",0
"https://www.ncbi.nlm.nih.gov/pubmed/28580294",0
"https://www.ncbi.nlm.nih.gov/pubmed/28580392",0
"https://www.ncbi.nlm.nih.gov/pubmed/28580422",0
"https://www.ncbi.nlm.nih.gov/pubmed/28580529",0
"https://www.ncbi.nlm.nih.gov/pubmed/28580556",0
"https://www.ncbi.nlm.nih.gov/pubmed/28580558",0
"https://www.ncbi.nlm.nih.gov/pubmed/28580582",0
"https://www.ncbi.nlm.nih.gov/pubmed/28580656",0
"https://www.ncbi.nlm.nih.gov/pubmed/28580705",0
"https://www.ncbi.nlm.nih.gov/pubmed/28580876",0
"https://www.ncbi.nlm.nih.gov/pubmed/28581020",0
"https://www.ncbi.nlm.nih.gov/pubmed/28581264",0
"https://www.ncbi.nlm.nih.gov/pubmed/28581274",0
"https://www.ncbi.nlm.nih.gov/pubmed/28581276",0
"https://www.ncbi.nlm.nih.gov/pubmed/28581304",0
"https://www.ncbi.nlm.nih.gov/pubmed/28581310",0
"https://www.ncbi.nlm.nih.gov/pubmed/28581321",0
"https://www.ncbi.nlm.nih.gov/pubmed/28581325",0
"https://www.ncbi.nlm.nih.gov/pubmed/28581335",0
"https://www.ncbi.nlm.nih.gov/pubmed/28581531",0
"https://www.ncbi.nlm.nih.gov/pubmed/28581537",0
"https://www.ncbi.nlm.nih.gov/pubmed/28581538",0
"https://www.ncbi.nlm.nih.gov/pubmed/28581539",0
"https://www.ncbi.nlm.nih.gov/pubmed/28581544",0
"https://www.ncbi.nlm.nih.gov/pubmed/28581796",0
"https://www.ncbi.nlm.nih.gov/pubmed/28582258",0
"https://www.ncbi.nlm.nih.gov/pubmed/28582442",0
"https://www.ncbi.nlm.nih.gov/pubmed/28582515",0
"https://www.ncbi.nlm.nih.gov/pubmed/28582570",0
"https://www.ncbi.nlm.nih.gov/pubmed/28582608",0
"https://www.ncbi.nlm.nih.gov/pubmed/28582719",0
"https://www.ncbi.nlm.nih.gov/pubmed/28582802",0
"https://www.ncbi.nlm.nih.gov/pubmed/28580235",0
"https://www.ncbi.nlm.nih.gov/pubmed/28580456",0
"https://www.ncbi.nlm.nih.gov/pubmed/28581075",0
"https://www.ncbi.nlm.nih.gov/pubmed/28581574",0
"https://www.ncbi.nlm.nih.gov/pubmed/28583100",0
"https://www.ncbi.nlm.nih.gov/pubmed/28583221",0
"https://www.ncbi.nlm.nih.gov/pubmed/28583340",0
"https://www.ncbi.nlm.nih.gov/pubmed/28583376",0
"https://www.ncbi.nlm.nih.gov/pubmed/28583470",0
"https://www.ncbi.nlm.nih.gov/pubmed/28583576",0
"https://www.ncbi.nlm.nih.gov/pubmed/28583584",0
"https://www.ncbi.nlm.nih.gov/pubmed/28583656",0
"https://www.ncbi.nlm.nih.gov/pubmed/28583851",0
"https://www.ncbi.nlm.nih.gov/pubmed/28583960",0
"https://www.ncbi.nlm.nih.gov/pubmed/28584406",0
"https://www.ncbi.nlm.nih.gov/pubmed/28584498",0
"https://www.ncbi.nlm.nih.gov/pubmed/28584546",0
"https://www.ncbi.nlm.nih.gov/pubmed/28584559",0
"https://www.ncbi.nlm.nih.gov/pubmed/28584620",0
"https://www.ncbi.nlm.nih.gov/pubmed/28584640",0
"https://www.ncbi.nlm.nih.gov/pubmed/28584650",0
"https://www.ncbi.nlm.nih.gov/pubmed/28584651",0
"https://www.ncbi.nlm.nih.gov/pubmed/28584668",0
"https://www.ncbi.nlm.nih.gov/pubmed/28584694",0
"https://www.ncbi.nlm.nih.gov/pubmed/28584695",0
"https://www.ncbi.nlm.nih.gov/pubmed/28584734",0
"https://www.ncbi.nlm.nih.gov/pubmed/28584741",0
"https://www.ncbi.nlm.nih.gov/pubmed/28584746",0
"https://www.ncbi.nlm.nih.gov/pubmed/28584853",0
"https://www.ncbi.nlm.nih.gov/pubmed/28584860",0
"https://www.ncbi.nlm.nih.gov/pubmed/28584910",0
"https://www.ncbi.nlm.nih.gov/pubmed/28585017",0
"https://www.ncbi.nlm.nih.gov/pubmed/28585138",0
"https://www.ncbi.nlm.nih.gov/pubmed/28585214",0
"https://www.ncbi.nlm.nih.gov/pubmed/28585221",0
"https://www.ncbi.nlm.nih.gov/pubmed/28585222",0
"https://www.ncbi.nlm.nih.gov/pubmed/28585368",0
"https://www.ncbi.nlm.nih.gov/pubmed/28585435",0
"https://www.ncbi.nlm.nih.gov/pubmed/28585508",0
"https://www.ncbi.nlm.nih.gov/pubmed/28585509",0
"https://www.ncbi.nlm.nih.gov/pubmed/28585544",0
"https://www.ncbi.nlm.nih.gov/pubmed/28585558",0
"https://www.ncbi.nlm.nih.gov/pubmed/28585568",0
"https://www.ncbi.nlm.nih.gov/pubmed/28585584",0
"https://www.ncbi.nlm.nih.gov/pubmed/28585587",0
"https://www.ncbi.nlm.nih.gov/pubmed/28585664",0
"https://www.ncbi.nlm.nih.gov/pubmed/28585666",0
"https://www.ncbi.nlm.nih.gov/pubmed/28585761",0
"https://www.ncbi.nlm.nih.gov/pubmed/28585868",0
"https://www.ncbi.nlm.nih.gov/pubmed/28585930",0
"https://www.ncbi.nlm.nih.gov/pubmed/28585931",0
"https://www.ncbi.nlm.nih.gov/pubmed/28586129",0
"https://www.ncbi.nlm.nih.gov/pubmed/28586304",0
"https://www.ncbi.nlm.nih.gov/pubmed/28586374",0
"https://www.ncbi.nlm.nih.gov/pubmed/28586377",0
"https://www.ncbi.nlm.nih.gov/pubmed/28586392",0
"https://www.ncbi.nlm.nih.gov/pubmed/28586433",0
"https://www.ncbi.nlm.nih.gov/pubmed/28586437",0
"https://www.ncbi.nlm.nih.gov/pubmed/28586480",0
"https://www.ncbi.nlm.nih.gov/pubmed/28586534",0
"https://www.ncbi.nlm.nih.gov/pubmed/28586699",0
"https://www.ncbi.nlm.nih.gov/pubmed/28586713",0
"https://www.ncbi.nlm.nih.gov/pubmed/28586715",0
"https://www.ncbi.nlm.nih.gov/pubmed/28586743",0
"https://www.ncbi.nlm.nih.gov/pubmed/28587139",0
"https://www.ncbi.nlm.nih.gov/pubmed/28587586",0
"https://www.ncbi.nlm.nih.gov/pubmed/28587607",0
"https://www.ncbi.nlm.nih.gov/pubmed/28587695",0
"https://www.ncbi.nlm.nih.gov/pubmed/28587701",0
"https://www.ncbi.nlm.nih.gov/pubmed/28587756",0
"https://www.ncbi.nlm.nih.gov/pubmed/28587819",0
"https://www.ncbi.nlm.nih.gov/pubmed/28587863",0
"https://www.ncbi.nlm.nih.gov/pubmed/28587997",0
"https://www.ncbi.nlm.nih.gov/pubmed/28588005",0
"https://www.ncbi.nlm.nih.gov/pubmed/28588112",0
"https://www.ncbi.nlm.nih.gov/pubmed/28588278",0
"https://www.ncbi.nlm.nih.gov/pubmed/28588365",0
"https://www.ncbi.nlm.nih.gov/pubmed/28588383",0
"https://www.ncbi.nlm.nih.gov/pubmed/28588443",0
"https://www.ncbi.nlm.nih.gov/pubmed/28588453",0
"https://www.ncbi.nlm.nih.gov/pubmed/28588455",0
"https://www.ncbi.nlm.nih.gov/pubmed/28588483",0
"https://www.ncbi.nlm.nih.gov/pubmed/28588508",0
"https://www.ncbi.nlm.nih.gov/pubmed/28588517",0
"https://www.ncbi.nlm.nih.gov/pubmed/28588525",0
"https://www.ncbi.nlm.nih.gov/pubmed/28588541",0
"https://www.ncbi.nlm.nih.gov/pubmed/28588894",0
"https://www.ncbi.nlm.nih.gov/pubmed/28588898",0
"https://www.ncbi.nlm.nih.gov/pubmed/28588958",0
"https://www.ncbi.nlm.nih.gov/pubmed/28588963",0
"https://www.ncbi.nlm.nih.gov/pubmed/28588979",0
"https://www.ncbi.nlm.nih.gov/pubmed/28589245",0
"https://www.ncbi.nlm.nih.gov/pubmed/28589252",0
"https://www.ncbi.nlm.nih.gov/pubmed/28589394",0
"https://www.ncbi.nlm.nih.gov/pubmed/28589480",0
"https://www.ncbi.nlm.nih.gov/pubmed/28589489",0
"https://www.ncbi.nlm.nih.gov/pubmed/28589524",0
"https://www.ncbi.nlm.nih.gov/pubmed/28589545",0
"https://www.ncbi.nlm.nih.gov/pubmed/28589648",0
"https://www.ncbi.nlm.nih.gov/pubmed/28589663",0
"https://www.ncbi.nlm.nih.gov/pubmed/28589742",0
"https://www.ncbi.nlm.nih.gov/pubmed/28589964",0
"https://www.ncbi.nlm.nih.gov/pubmed/28589967",0
"https://www.ncbi.nlm.nih.gov/pubmed/28590144",0
"https://www.ncbi.nlm.nih.gov/pubmed/28590152",0
"https://www.ncbi.nlm.nih.gov/pubmed/28590157",0
"https://www.ncbi.nlm.nih.gov/pubmed/28590208",0
"https://www.ncbi.nlm.nih.gov/pubmed/28590270",0
"https://www.ncbi.nlm.nih.gov/pubmed/28590302",0
"https://www.ncbi.nlm.nih.gov/pubmed/28590365",0
"https://www.ncbi.nlm.nih.gov/pubmed/28590371",0
"https://www.ncbi.nlm.nih.gov/pubmed/28590438",0
"https://www.ncbi.nlm.nih.gov/pubmed/28590514",0
"https://www.ncbi.nlm.nih.gov/pubmed/28590587",0
"https://www.ncbi.nlm.nih.gov/pubmed/28590601",0
"https://www.ncbi.nlm.nih.gov/pubmed/28590766",0
"https://www.ncbi.nlm.nih.gov/pubmed/28590767",0
"https://www.ncbi.nlm.nih.gov/pubmed/28590812",0
"https://www.ncbi.nlm.nih.gov/pubmed/28590833",0
"https://www.ncbi.nlm.nih.gov/pubmed/28590844",0
"https://www.ncbi.nlm.nih.gov/pubmed/28590988",0
"https://www.ncbi.nlm.nih.gov/pubmed/28591003",0
"https://www.ncbi.nlm.nih.gov/pubmed/28591005",0
"https://www.ncbi.nlm.nih.gov/pubmed/28591010",0
"https://www.ncbi.nlm.nih.gov/pubmed/28591024",0
"https://www.ncbi.nlm.nih.gov/pubmed/28591209",0
"https://www.ncbi.nlm.nih.gov/pubmed/28591272",0
"https://www.ncbi.nlm.nih.gov/pubmed/28591304",0
"https://www.ncbi.nlm.nih.gov/pubmed/28591352",0
"https://www.ncbi.nlm.nih.gov/pubmed/28591358",0
"https://www.ncbi.nlm.nih.gov/pubmed/28591386",0
"https://www.ncbi.nlm.nih.gov/pubmed/28591462",0
"https://www.ncbi.nlm.nih.gov/pubmed/28591493",0
"https://www.ncbi.nlm.nih.gov/pubmed/28591500",0
"https://www.ncbi.nlm.nih.gov/pubmed/28591764",0
"https://www.ncbi.nlm.nih.gov/pubmed/28591782",0
"https://www.ncbi.nlm.nih.gov/pubmed/28591797",0
"https://www.ncbi.nlm.nih.gov/pubmed/28591864",0
"https://www.ncbi.nlm.nih.gov/pubmed/28590628",0
"https://www.ncbi.nlm.nih.gov/pubmed/28590701",0
"https://www.ncbi.nlm.nih.gov/pubmed/28592105",0
"https://www.ncbi.nlm.nih.gov/pubmed/28592136",0
"https://www.ncbi.nlm.nih.gov/pubmed/28592160",0
"https://www.ncbi.nlm.nih.gov/pubmed/28592366",0
"https://www.ncbi.nlm.nih.gov/pubmed/28592571",0
"https://www.ncbi.nlm.nih.gov/pubmed/28592580",0
"https://www.ncbi.nlm.nih.gov/pubmed/28592584",0
"https://www.ncbi.nlm.nih.gov/pubmed/28592686",0
"https://www.ncbi.nlm.nih.gov/pubmed/28592734",0
"https://www.ncbi.nlm.nih.gov/pubmed/28592893",0
"https://www.ncbi.nlm.nih.gov/pubmed/28592904",0
"https://www.ncbi.nlm.nih.gov/pubmed/28592931",0
"https://www.ncbi.nlm.nih.gov/pubmed/28592990",0
"https://www.ncbi.nlm.nih.gov/pubmed/28593127",0
"https://www.ncbi.nlm.nih.gov/pubmed/28593192",0
"https://www.ncbi.nlm.nih.gov/pubmed/28593281",0
"https://www.ncbi.nlm.nih.gov/pubmed/28593360",0
"https://www.ncbi.nlm.nih.gov/pubmed/28593361",0
"https://www.ncbi.nlm.nih.gov/pubmed/28593404",0
"https://www.ncbi.nlm.nih.gov/pubmed/28593462",0
"https://www.ncbi.nlm.nih.gov/pubmed/28593516",0
"https://www.ncbi.nlm.nih.gov/pubmed/28593622",0
"https://www.ncbi.nlm.nih.gov/pubmed/28593633",0
"https://www.ncbi.nlm.nih.gov/pubmed/28593683",0
"https://www.ncbi.nlm.nih.gov/pubmed/28593691",0
"https://www.ncbi.nlm.nih.gov/pubmed/28593797",0
"https://www.ncbi.nlm.nih.gov/pubmed/28593878",0
"https://www.ncbi.nlm.nih.gov/pubmed/28593888",0
"https://www.ncbi.nlm.nih.gov/pubmed/28593903",0
"https://www.ncbi.nlm.nih.gov/pubmed/28594056",0
"https://www.ncbi.nlm.nih.gov/pubmed/28594057",0
"https://www.ncbi.nlm.nih.gov/pubmed/28594077",0
"https://www.ncbi.nlm.nih.gov/pubmed/28594092",0
"https://www.ncbi.nlm.nih.gov/pubmed/28594145",0
"https://www.ncbi.nlm.nih.gov/pubmed/28594150",0
"https://www.ncbi.nlm.nih.gov/pubmed/28594192",0
"https://www.ncbi.nlm.nih.gov/pubmed/28594233",0
"https://www.ncbi.nlm.nih.gov/pubmed/28594248",0
"https://www.ncbi.nlm.nih.gov/pubmed/28594303",0
"https://www.ncbi.nlm.nih.gov/pubmed/28594462",0
"https://www.ncbi.nlm.nih.gov/pubmed/28594546",0
"https://www.ncbi.nlm.nih.gov/pubmed/28594584",0
"https://www.ncbi.nlm.nih.gov/pubmed/28594643",0
"https://www.ncbi.nlm.nih.gov/pubmed/28594769",0
"https://www.ncbi.nlm.nih.gov/pubmed/28594841",0
"https://www.ncbi.nlm.nih.gov/pubmed/28595081",0
"https://www.ncbi.nlm.nih.gov/pubmed/28595098",0
"https://www.ncbi.nlm.nih.gov/pubmed/28595099",0
"https://www.ncbi.nlm.nih.gov/pubmed/28595128",0
"https://www.ncbi.nlm.nih.gov/pubmed/28595148",0
"https://www.ncbi.nlm.nih.gov/pubmed/28595149",0
"https://www.ncbi.nlm.nih.gov/pubmed/28595181",0
"https://www.ncbi.nlm.nih.gov/pubmed/28595191",0
"https://www.ncbi.nlm.nih.gov/pubmed/28595273",0
"https://www.ncbi.nlm.nih.gov/pubmed/28595276",0
"https://www.ncbi.nlm.nih.gov/pubmed/28595325",0
"https://www.ncbi.nlm.nih.gov/pubmed/28595355",0
"https://www.ncbi.nlm.nih.gov/pubmed/28572273",0
"https://www.ncbi.nlm.nih.gov/pubmed/28572146",0
"https://www.ncbi.nlm.nih.gov/pubmed/28572131",0
"https://www.ncbi.nlm.nih.gov/pubmed/28572118",0
"https://www.ncbi.nlm.nih.gov/pubmed/28572058",0
"https://www.ncbi.nlm.nih.gov/pubmed/28572056",0
"https://www.ncbi.nlm.nih.gov/pubmed/28571934",0
"https://www.ncbi.nlm.nih.gov/pubmed/28571833",0
"https://www.ncbi.nlm.nih.gov/pubmed/28571785",0
"https://www.ncbi.nlm.nih.gov/pubmed/28571776",0
"https://www.ncbi.nlm.nih.gov/pubmed/28571505",0
"https://www.ncbi.nlm.nih.gov/pubmed/28571475",0
"https://www.ncbi.nlm.nih.gov/pubmed/28571367",0
"https://www.ncbi.nlm.nih.gov/pubmed/28571359",0
"https://www.ncbi.nlm.nih.gov/pubmed/28571243",0
"https://www.ncbi.nlm.nih.gov/pubmed/28571235",0
"https://www.ncbi.nlm.nih.gov/pubmed/28571165",0
"https://www.ncbi.nlm.nih.gov/pubmed/28571077",0
"https://www.ncbi.nlm.nih.gov/pubmed/28571061",0
"https://www.ncbi.nlm.nih.gov/pubmed/28570965",0
"https://www.ncbi.nlm.nih.gov/pubmed/28570963",0
"https://www.ncbi.nlm.nih.gov/pubmed/28570956",0
"https://www.ncbi.nlm.nih.gov/pubmed/28570931",0
"https://www.ncbi.nlm.nih.gov/pubmed/28570920",0
"https://www.ncbi.nlm.nih.gov/pubmed/28570912",0
"https://www.ncbi.nlm.nih.gov/pubmed/28570868",0
"https://www.ncbi.nlm.nih.gov/pubmed/28570858",0
"https://www.ncbi.nlm.nih.gov/pubmed/28570803",0
"https://www.ncbi.nlm.nih.gov/pubmed/28570798",0
"https://www.ncbi.nlm.nih.gov/pubmed/28570797",0
"https://www.ncbi.nlm.nih.gov/pubmed/28570796",0
"https://www.ncbi.nlm.nih.gov/pubmed/28570792",0
"https://www.ncbi.nlm.nih.gov/pubmed/28570773",0
"https://www.ncbi.nlm.nih.gov/pubmed/28570696",0
"https://www.ncbi.nlm.nih.gov/pubmed/28570585",0
"https://www.ncbi.nlm.nih.gov/pubmed/28570499",0
"https://www.ncbi.nlm.nih.gov/pubmed/28570485",0
"https://www.ncbi.nlm.nih.gov/pubmed/28570439",0
"https://www.ncbi.nlm.nih.gov/pubmed/28570395",0
"https://www.ncbi.nlm.nih.gov/pubmed/28570394",0
"https://www.ncbi.nlm.nih.gov/pubmed/28570312",0
"https://www.ncbi.nlm.nih.gov/pubmed/28570291",0
"https://www.ncbi.nlm.nih.gov/pubmed/28569938",0
"https://www.ncbi.nlm.nih.gov/pubmed/28569936",0
"https://www.ncbi.nlm.nih.gov/pubmed/28569647",0
"https://www.ncbi.nlm.nih.gov/pubmed/28569621",0
"https://www.ncbi.nlm.nih.gov/pubmed/28569601",0
"https://www.ncbi.nlm.nih.gov/pubmed/28569537",0
"https://www.ncbi.nlm.nih.gov/pubmed/28569534",0
"https://www.ncbi.nlm.nih.gov/pubmed/28569519",0
"https://www.ncbi.nlm.nih.gov/pubmed/28569518",0
"https://www.ncbi.nlm.nih.gov/pubmed/28569409",0
"https://www.ncbi.nlm.nih.gov/pubmed/28569112",0
"https://www.ncbi.nlm.nih.gov/pubmed/28569084",0
"https://www.ncbi.nlm.nih.gov/pubmed/28568971",0
"https://www.ncbi.nlm.nih.gov/pubmed/28568475",0
"https://www.ncbi.nlm.nih.gov/pubmed/28568319",0
"https://www.ncbi.nlm.nih.gov/pubmed/28568246",0
"https://www.ncbi.nlm.nih.gov/pubmed/28567699",0
"https://www.ncbi.nlm.nih.gov/pubmed/28567697",0
"https://www.ncbi.nlm.nih.gov/pubmed/28567692",0
"https://www.ncbi.nlm.nih.gov/pubmed/28567411",0
"https://www.ncbi.nlm.nih.gov/pubmed/28567383",0
"https://www.ncbi.nlm.nih.gov/pubmed/28567288",0
"https://www.ncbi.nlm.nih.gov/pubmed/28567219",0
"https://www.ncbi.nlm.nih.gov/pubmed/28567052",0
"https://www.ncbi.nlm.nih.gov/pubmed/28567028",0
"https://www.ncbi.nlm.nih.gov/pubmed/28566961",0
"https://www.ncbi.nlm.nih.gov/pubmed/28566959",0
"https://www.ncbi.nlm.nih.gov/pubmed/28566957",0
"https://www.ncbi.nlm.nih.gov/pubmed/28566953",0
"https://www.ncbi.nlm.nih.gov/pubmed/28566948",0
"https://www.ncbi.nlm.nih.gov/pubmed/28566947",0
"https://www.ncbi.nlm.nih.gov/pubmed/28566946",0
"https://www.ncbi.nlm.nih.gov/pubmed/28566944",0
"https://www.ncbi.nlm.nih.gov/pubmed/28566763",0
"https://www.ncbi.nlm.nih.gov/pubmed/28566724",0
"https://www.ncbi.nlm.nih.gov/pubmed/28566490",0
"https://www.ncbi.nlm.nih.gov/pubmed/28566342",0
"https://www.ncbi.nlm.nih.gov/pubmed/28566274",0
"https://www.ncbi.nlm.nih.gov/pubmed/28566267",0
"https://www.ncbi.nlm.nih.gov/pubmed/28566265",0
"https://www.ncbi.nlm.nih.gov/pubmed/28566173",0
"https://www.ncbi.nlm.nih.gov/pubmed/28566168",0
"https://www.ncbi.nlm.nih.gov/pubmed/28566156",0
"https://www.ncbi.nlm.nih.gov/pubmed/28566108",0
"https://www.ncbi.nlm.nih.gov/pubmed/28566105",0
"https://www.ncbi.nlm.nih.gov/pubmed/28566056",0
"https://www.ncbi.nlm.nih.gov/pubmed/28566013",0
"https://www.ncbi.nlm.nih.gov/pubmed/28565957",0
"https://www.ncbi.nlm.nih.gov/pubmed/28565939",0
"https://www.ncbi.nlm.nih.gov/pubmed/28565937",0
"https://www.ncbi.nlm.nih.gov/pubmed/28565925",0
"https://www.ncbi.nlm.nih.gov/pubmed/28565923",0
"https://www.ncbi.nlm.nih.gov/pubmed/28565908",0
"https://www.ncbi.nlm.nih.gov/pubmed/28565736",0
"https://www.ncbi.nlm.nih.gov/pubmed/28564743",0
"https://www.ncbi.nlm.nih.gov/pubmed/28564688",0
"https://www.ncbi.nlm.nih.gov/pubmed/28564681",0
"https://www.ncbi.nlm.nih.gov/pubmed/28564677",0
"https://www.ncbi.nlm.nih.gov/pubmed/28564628",0
"https://www.ncbi.nlm.nih.gov/pubmed/28562815",0
"https://www.ncbi.nlm.nih.gov/pubmed/28562755",0
"https://www.ncbi.nlm.nih.gov/pubmed/28562627",0
"https://www.ncbi.nlm.nih.gov/pubmed/28562526",0
"https://www.ncbi.nlm.nih.gov/pubmed/28562247",0
"https://www.ncbi.nlm.nih.gov/pubmed/28562150",0
"https://www.ncbi.nlm.nih.gov/pubmed/28562148",0
"https://www.ncbi.nlm.nih.gov/pubmed/28562144",0
"https://www.ncbi.nlm.nih.gov/pubmed/28562112",0
"https://www.ncbi.nlm.nih.gov/pubmed/28561890",0
"https://www.ncbi.nlm.nih.gov/pubmed/28561696",0
"https://www.ncbi.nlm.nih.gov/pubmed/28561634",0
"https://www.ncbi.nlm.nih.gov/pubmed/28561181",0
"https://www.ncbi.nlm.nih.gov/pubmed/28560941",0
"https://www.ncbi.nlm.nih.gov/pubmed/28560936",0
"https://www.ncbi.nlm.nih.gov/pubmed/28560935",0
"https://www.ncbi.nlm.nih.gov/pubmed/28560830",0
"https://www.ncbi.nlm.nih.gov/pubmed/28560764",0
"https://www.ncbi.nlm.nih.gov/pubmed/28560728",0
"https://www.ncbi.nlm.nih.gov/pubmed/28560710",0
"https://www.ncbi.nlm.nih.gov/pubmed/28560708",0
"https://www.ncbi.nlm.nih.gov/pubmed/28560617",0
"https://www.ncbi.nlm.nih.gov/pubmed/28560539",0
"https://www.ncbi.nlm.nih.gov/pubmed/28560489",0
"https://www.ncbi.nlm.nih.gov/pubmed/28560466",0
"https://www.ncbi.nlm.nih.gov/pubmed/28560355",0
"https://www.ncbi.nlm.nih.gov/pubmed/28560265",0
"https://www.ncbi.nlm.nih.gov/pubmed/28560261",0
"https://www.ncbi.nlm.nih.gov/pubmed/28560199",0
"https://www.ncbi.nlm.nih.gov/pubmed/28560155",0
"https://www.ncbi.nlm.nih.gov/pubmed/28559998",0
"https://www.ncbi.nlm.nih.gov/pubmed/28559924",0
"https://www.ncbi.nlm.nih.gov/pubmed/28559916",0
"https://www.ncbi.nlm.nih.gov/pubmed/28559857",0
"https://www.ncbi.nlm.nih.gov/pubmed/28559688",0
"https://www.ncbi.nlm.nih.gov/pubmed/28559662",0
"https://www.ncbi.nlm.nih.gov/pubmed/28559634",0
"https://www.ncbi.nlm.nih.gov/pubmed/28559571",0
"https://www.ncbi.nlm.nih.gov/pubmed/28559457",0
"https://www.ncbi.nlm.nih.gov/pubmed/28559454",0
"https://www.ncbi.nlm.nih.gov/pubmed/28559123",0
"https://www.ncbi.nlm.nih.gov/pubmed/28559069",0
"https://www.ncbi.nlm.nih.gov/pubmed/28559045",0
"https://www.ncbi.nlm.nih.gov/pubmed/28558940",0
"https://www.ncbi.nlm.nih.gov/pubmed/28558931",0
"https://www.ncbi.nlm.nih.gov/pubmed/28558904",0
"https://www.ncbi.nlm.nih.gov/pubmed/28558901",0
"https://www.ncbi.nlm.nih.gov/pubmed/28558895",0
"https://www.ncbi.nlm.nih.gov/pubmed/28558894",0
"https://www.ncbi.nlm.nih.gov/pubmed/28558893",0
"https://www.ncbi.nlm.nih.gov/pubmed/28558888",0
"https://www.ncbi.nlm.nih.gov/pubmed/28558881",0
"https://www.ncbi.nlm.nih.gov/pubmed/28558878",0
"https://www.ncbi.nlm.nih.gov/pubmed/28558877",0
"https://www.ncbi.nlm.nih.gov/pubmed/28558774",0
"https://www.ncbi.nlm.nih.gov/pubmed/28558742",0
"https://www.ncbi.nlm.nih.gov/pubmed/28558728",0
"https://www.ncbi.nlm.nih.gov/pubmed/28558727",0
"https://www.ncbi.nlm.nih.gov/pubmed/28558670",0
"https://www.ncbi.nlm.nih.gov/pubmed/28558617",0
"https://www.ncbi.nlm.nih.gov/pubmed/28558616",0
"https://www.ncbi.nlm.nih.gov/pubmed/28558615",0
"https://www.ncbi.nlm.nih.gov/pubmed/28558549",0
"https://www.ncbi.nlm.nih.gov/pubmed/28558537",0
"https://www.ncbi.nlm.nih.gov/pubmed/28558535",0
"https://www.ncbi.nlm.nih.gov/pubmed/28558481",0
"https://www.ncbi.nlm.nih.gov/pubmed/28558480",0
"https://www.ncbi.nlm.nih.gov/pubmed/28558366",0
"https://www.ncbi.nlm.nih.gov/pubmed/28558363",0
"https://www.ncbi.nlm.nih.gov/pubmed/28558358",0
"https://www.ncbi.nlm.nih.gov/pubmed/28558336",0
"https://www.ncbi.nlm.nih.gov/pubmed/28558310",0
"https://www.ncbi.nlm.nih.gov/pubmed/28558272",0
"https://www.ncbi.nlm.nih.gov/pubmed/28558129",0
"https://www.ncbi.nlm.nih.gov/pubmed/28558020",0
"https://www.ncbi.nlm.nih.gov/pubmed/28557985",0
"https://www.ncbi.nlm.nih.gov/pubmed/28557969",0
"https://www.ncbi.nlm.nih.gov/pubmed/28557884",0
"https://www.ncbi.nlm.nih.gov/pubmed/28557883",0
"https://www.ncbi.nlm.nih.gov/pubmed/28557839",0
"https://www.ncbi.nlm.nih.gov/pubmed/28557820",0
"https://www.ncbi.nlm.nih.gov/pubmed/28557811",0
"https://www.ncbi.nlm.nih.gov/pubmed/28557680",0
"https://www.ncbi.nlm.nih.gov/pubmed/28557676",0
"https://www.ncbi.nlm.nih.gov/pubmed/28557637",0
"https://www.ncbi.nlm.nih.gov/pubmed/28557634",0
"https://www.ncbi.nlm.nih.gov/pubmed/28557566",0
"https://www.ncbi.nlm.nih.gov/pubmed/28557499",0
"https://www.ncbi.nlm.nih.gov/pubmed/28557485",0
"https://www.ncbi.nlm.nih.gov/pubmed/28557468",0
"https://www.ncbi.nlm.nih.gov/pubmed/28557385",0
"https://www.ncbi.nlm.nih.gov/pubmed/28557299",0
"https://www.ncbi.nlm.nih.gov/pubmed/28557181",0
"https://www.ncbi.nlm.nih.gov/pubmed/28557130",0
"https://www.ncbi.nlm.nih.gov/pubmed/28557067",0
"https://www.ncbi.nlm.nih.gov/pubmed/28557049",0
"https://www.ncbi.nlm.nih.gov/pubmed/28557043",0
"https://www.ncbi.nlm.nih.gov/pubmed/28556990",0
"https://www.ncbi.nlm.nih.gov/pubmed/28556875",0
"https://www.ncbi.nlm.nih.gov/pubmed/28556858",0
"https://www.ncbi.nlm.nih.gov/pubmed/28556833",0
"https://www.ncbi.nlm.nih.gov/pubmed/28556831",0
"https://www.ncbi.nlm.nih.gov/pubmed/28556829",0
"https://www.ncbi.nlm.nih.gov/pubmed/28556692",0
"https://www.ncbi.nlm.nih.gov/pubmed/28556687",0
"https://www.ncbi.nlm.nih.gov/pubmed/28556609",0
"https://www.ncbi.nlm.nih.gov/pubmed/28556476",0
"https://www.ncbi.nlm.nih.gov/pubmed/28556440",0
"https://www.ncbi.nlm.nih.gov/pubmed/28556352",0
"https://www.ncbi.nlm.nih.gov/pubmed/28556346",0
"https://www.ncbi.nlm.nih.gov/pubmed/28556237",0
"https://www.ncbi.nlm.nih.gov/pubmed/28556178",0
"https://www.ncbi.nlm.nih.gov/pubmed/28555883",0
"https://www.ncbi.nlm.nih.gov/pubmed/28555776",0
"https://www.ncbi.nlm.nih.gov/pubmed/28555718",0
"https://www.ncbi.nlm.nih.gov/pubmed/28555664",0
"https://www.ncbi.nlm.nih.gov/pubmed/28555552",0
"https://www.ncbi.nlm.nih.gov/pubmed/28555499",0
"https://www.ncbi.nlm.nih.gov/pubmed/28555454",0
"https://www.ncbi.nlm.nih.gov/pubmed/28555381",0
"https://www.ncbi.nlm.nih.gov/pubmed/28555338",0
"https://www.ncbi.nlm.nih.gov/pubmed/28555165",0
"https://www.ncbi.nlm.nih.gov/pubmed/28555115",0
"https://www.ncbi.nlm.nih.gov/pubmed/28555108",0
"https://www.ncbi.nlm.nih.gov/pubmed/28555075",0
"https://www.ncbi.nlm.nih.gov/pubmed/28555009",0
"https://www.ncbi.nlm.nih.gov/pubmed/28554959",0
"https://www.ncbi.nlm.nih.gov/pubmed/28554914",0
"https://www.ncbi.nlm.nih.gov/pubmed/28554910",0
"https://www.ncbi.nlm.nih.gov/pubmed/28554855",0
"https://www.ncbi.nlm.nih.gov/pubmed/28554528",0
"https://www.ncbi.nlm.nih.gov/pubmed/28554524",0
"https://www.ncbi.nlm.nih.gov/pubmed/28554415",0
"https://www.ncbi.nlm.nih.gov/pubmed/28554372",0
"https://www.ncbi.nlm.nih.gov/pubmed/28554369",0
"https://www.ncbi.nlm.nih.gov/pubmed/28554368",0
"https://www.ncbi.nlm.nih.gov/pubmed/28554367",0
"https://www.ncbi.nlm.nih.gov/pubmed/28554364",0
"https://www.ncbi.nlm.nih.gov/pubmed/28554324",0
"https://www.ncbi.nlm.nih.gov/pubmed/28554247",0
"https://www.ncbi.nlm.nih.gov/pubmed/28554235",0
"https://www.ncbi.nlm.nih.gov/pubmed/28554167",0
"https://www.ncbi.nlm.nih.gov/pubmed/28554154",0
"https://www.ncbi.nlm.nih.gov/pubmed/28554118",0
"https://www.ncbi.nlm.nih.gov/pubmed/28554099",0
"https://www.ncbi.nlm.nih.gov/pubmed/28554068",0
"https://www.ncbi.nlm.nih.gov/pubmed/28553893",0
"https://www.ncbi.nlm.nih.gov/pubmed/28553882",0
"https://www.ncbi.nlm.nih.gov/pubmed/28553837",0
"https://www.ncbi.nlm.nih.gov/pubmed/28553836",0
"https://www.ncbi.nlm.nih.gov/pubmed/28553831",0
"https://www.ncbi.nlm.nih.gov/pubmed/28553826",0
"https://www.ncbi.nlm.nih.gov/pubmed/28553820",0
"https://www.ncbi.nlm.nih.gov/pubmed/28553816",0
"https://www.ncbi.nlm.nih.gov/pubmed/28553810",0
"https://www.ncbi.nlm.nih.gov/pubmed/28553807",0
"https://www.ncbi.nlm.nih.gov/pubmed/28553796",0
"https://www.ncbi.nlm.nih.gov/pubmed/28553795",0
"https://www.ncbi.nlm.nih.gov/pubmed/28553790",0
"https://www.ncbi.nlm.nih.gov/pubmed/28553786",0
"https://www.ncbi.nlm.nih.gov/pubmed/28553785",0
"https://www.ncbi.nlm.nih.gov/pubmed/28553720",0
"https://www.ncbi.nlm.nih.gov/pubmed/28553251",0
"https://www.ncbi.nlm.nih.gov/pubmed/28553250",0
"https://www.ncbi.nlm.nih.gov/pubmed/28553237",0
"https://www.ncbi.nlm.nih.gov/pubmed/28553145",0
"https://www.ncbi.nlm.nih.gov/pubmed/28553087",0
"https://www.ncbi.nlm.nih.gov/pubmed/28553085",0
"https://www.ncbi.nlm.nih.gov/pubmed/28553025",0
"https://www.ncbi.nlm.nih.gov/pubmed/28553004",0
"https://www.ncbi.nlm.nih.gov/pubmed/28552773",0
"https://www.ncbi.nlm.nih.gov/pubmed/28552501",0
"https://www.ncbi.nlm.nih.gov/pubmed/28552340",0
"https://www.ncbi.nlm.nih.gov/pubmed/28552321",0
"https://www.ncbi.nlm.nih.gov/pubmed/28552295",0
"https://www.ncbi.nlm.nih.gov/pubmed/28552254",0
"https://www.ncbi.nlm.nih.gov/pubmed/28552083",0
"https://www.ncbi.nlm.nih.gov/pubmed/28552058",0
"https://www.ncbi.nlm.nih.gov/pubmed/28552054",0
"https://www.ncbi.nlm.nih.gov/pubmed/28552045",0
"https://www.ncbi.nlm.nih.gov/pubmed/28551931",0
"https://www.ncbi.nlm.nih.gov/pubmed/28551591",0
"https://www.ncbi.nlm.nih.gov/pubmed/28551555",0
"https://www.ncbi.nlm.nih.gov/pubmed/28551512",0
"https://www.ncbi.nlm.nih.gov/pubmed/28551500",0
"https://www.ncbi.nlm.nih.gov/pubmed/28551459",0
"https://www.ncbi.nlm.nih.gov/pubmed/28551447",0
"https://www.ncbi.nlm.nih.gov/pubmed/28551446",0
"https://www.ncbi.nlm.nih.gov/pubmed/28551374",0
"https://www.ncbi.nlm.nih.gov/pubmed/28551201",0
"https://www.ncbi.nlm.nih.gov/pubmed/28551198",0
"https://www.ncbi.nlm.nih.gov/pubmed/28551081",0
"https://www.ncbi.nlm.nih.gov/pubmed/28551050",0
"https://www.ncbi.nlm.nih.gov/pubmed/28551029",0
"https://www.ncbi.nlm.nih.gov/pubmed/28550996",0
"https://www.ncbi.nlm.nih.gov/pubmed/28550817",0
"https://www.ncbi.nlm.nih.gov/pubmed/28550766",0
"https://www.ncbi.nlm.nih.gov/pubmed/28550765",0
"https://www.ncbi.nlm.nih.gov/pubmed/28550757",0
"https://www.ncbi.nlm.nih.gov/pubmed/28550756",0
"https://www.ncbi.nlm.nih.gov/pubmed/28550723",0
"https://www.ncbi.nlm.nih.gov/pubmed/28550529",0
"https://www.ncbi.nlm.nih.gov/pubmed/28550480",0
"https://www.ncbi.nlm.nih.gov/pubmed/28550455",0
"https://www.ncbi.nlm.nih.gov/pubmed/28550444",0
"https://www.ncbi.nlm.nih.gov/pubmed/28550441",0
"https://www.ncbi.nlm.nih.gov/pubmed/28550424",0
"https://www.ncbi.nlm.nih.gov/pubmed/28550401",0
"https://www.ncbi.nlm.nih.gov/pubmed/28550378",0
"https://www.ncbi.nlm.nih.gov/pubmed/28550365",0
"https://www.ncbi.nlm.nih.gov/pubmed/28550264",0
"https://www.ncbi.nlm.nih.gov/pubmed/28550256",0
"https://www.ncbi.nlm.nih.gov/pubmed/28550250",0
"https://www.ncbi.nlm.nih.gov/pubmed/28550244",0
"https://www.ncbi.nlm.nih.gov/pubmed/28550024",0
"https://www.ncbi.nlm.nih.gov/pubmed/28550007",0
"https://www.ncbi.nlm.nih.gov/pubmed/28549965",0
"https://www.ncbi.nlm.nih.gov/pubmed/28549919",0
"https://www.ncbi.nlm.nih.gov/pubmed/28549839",0
"https://www.ncbi.nlm.nih.gov/pubmed/28549797",0
"https://www.ncbi.nlm.nih.gov/pubmed/28549793",0
"https://www.ncbi.nlm.nih.gov/pubmed/28549753",0
"https://www.ncbi.nlm.nih.gov/pubmed/28549634",0
"https://www.ncbi.nlm.nih.gov/pubmed/28549447",0
"https://www.ncbi.nlm.nih.gov/pubmed/28549424",0
"https://www.ncbi.nlm.nih.gov/pubmed/26389474",0
"https://www.ncbi.nlm.nih.gov/pubmed/26389407",0
"https://www.ncbi.nlm.nih.gov/pubmed/26389208",0
"https://www.ncbi.nlm.nih.gov/pubmed/28549337",0
"https://www.ncbi.nlm.nih.gov/pubmed/28549330",0
"https://www.ncbi.nlm.nih.gov/pubmed/28549312",0
"https://www.ncbi.nlm.nih.gov/pubmed/28549087",0
"https://www.ncbi.nlm.nih.gov/pubmed/28548708",0
"https://www.ncbi.nlm.nih.gov/pubmed/28548605",0
"https://www.ncbi.nlm.nih.gov/pubmed/28548564",0
"https://www.ncbi.nlm.nih.gov/pubmed/28548554",0
"https://www.ncbi.nlm.nih.gov/pubmed/28548541",0
"https://www.ncbi.nlm.nih.gov/pubmed/28548194",0
"https://www.ncbi.nlm.nih.gov/pubmed/28548190",0
"https://www.ncbi.nlm.nih.gov/pubmed/28547996",0
"https://www.ncbi.nlm.nih.gov/pubmed/28547886",0
"https://www.ncbi.nlm.nih.gov/pubmed/28547794",0
"https://www.ncbi.nlm.nih.gov/pubmed/28547781",0
"https://www.ncbi.nlm.nih.gov/pubmed/28547702",0
"https://www.ncbi.nlm.nih.gov/pubmed/28546976",0
"https://www.ncbi.nlm.nih.gov/pubmed/28546974",0
"https://www.ncbi.nlm.nih.gov/pubmed/28546934",0
"https://www.ncbi.nlm.nih.gov/pubmed/28546885",0
"https://www.ncbi.nlm.nih.gov/pubmed/28546775",0
"https://www.ncbi.nlm.nih.gov/pubmed/28546751",0
"https://www.ncbi.nlm.nih.gov/pubmed/28546750",0
"https://www.ncbi.nlm.nih.gov/pubmed/28546735",0
"https://www.ncbi.nlm.nih.gov/pubmed/28546319",0
"https://www.ncbi.nlm.nih.gov/pubmed/28546314",0
"https://www.ncbi.nlm.nih.gov/pubmed/28546308",0
"https://www.ncbi.nlm.nih.gov/pubmed/28546280",0
"https://www.ncbi.nlm.nih.gov/pubmed/28546278",0
"https://www.ncbi.nlm.nih.gov/pubmed/28546141",0
"https://www.ncbi.nlm.nih.gov/pubmed/28546138",0
"https://www.ncbi.nlm.nih.gov/pubmed/28546059",0
"https://www.ncbi.nlm.nih.gov/pubmed/28545799",0
"https://www.ncbi.nlm.nih.gov/pubmed/28545797",0
"https://www.ncbi.nlm.nih.gov/pubmed/28545795",0
"https://www.ncbi.nlm.nih.gov/pubmed/28545791",0
"https://www.ncbi.nlm.nih.gov/pubmed/28545788",0
"https://www.ncbi.nlm.nih.gov/pubmed/28545786",0
"https://www.ncbi.nlm.nih.gov/pubmed/28545785",0
"https://www.ncbi.nlm.nih.gov/pubmed/28545782",0
"https://www.ncbi.nlm.nih.gov/pubmed/28545770",0
"https://www.ncbi.nlm.nih.gov/pubmed/28545757",0
"https://www.ncbi.nlm.nih.gov/pubmed/28545756",0
"https://www.ncbi.nlm.nih.gov/pubmed/28545750",0
"https://www.ncbi.nlm.nih.gov/pubmed/28545600",0
"https://www.ncbi.nlm.nih.gov/pubmed/28545580",0
"https://www.ncbi.nlm.nih.gov/pubmed/28545545",0
"https://www.ncbi.nlm.nih.gov/pubmed/28545486",0
"https://www.ncbi.nlm.nih.gov/pubmed/28545400",0
"https://www.ncbi.nlm.nih.gov/pubmed/28545366",0
"https://www.ncbi.nlm.nih.gov/pubmed/28545281",0
"https://www.ncbi.nlm.nih.gov/pubmed/28545164",0
"https://www.ncbi.nlm.nih.gov/pubmed/28545101",0
"https://www.ncbi.nlm.nih.gov/pubmed/28545063",0
"https://www.ncbi.nlm.nih.gov/pubmed/28545013",0
"https://www.ncbi.nlm.nih.gov/pubmed/28545012",0
"https://www.ncbi.nlm.nih.gov/pubmed/28545010",0
"https://www.ncbi.nlm.nih.gov/pubmed/28545009",0
"https://www.ncbi.nlm.nih.gov/pubmed/28545005",0
"https://www.ncbi.nlm.nih.gov/pubmed/28544955",0
"https://www.ncbi.nlm.nih.gov/pubmed/28544903",0
"https://www.ncbi.nlm.nih.gov/pubmed/28544896",0
"https://www.ncbi.nlm.nih.gov/pubmed/28544732",0
"https://www.ncbi.nlm.nih.gov/pubmed/28544615",0
"https://www.ncbi.nlm.nih.gov/pubmed/28544568",0
"https://www.ncbi.nlm.nih.gov/pubmed/28544532",0
"https://www.ncbi.nlm.nih.gov/pubmed/28544504",0
"https://www.ncbi.nlm.nih.gov/pubmed/28544407",0
"https://www.ncbi.nlm.nih.gov/pubmed/28544391",0
"https://www.ncbi.nlm.nih.gov/pubmed/28544227",0
"https://www.ncbi.nlm.nih.gov/pubmed/28544182",0
"https://www.ncbi.nlm.nih.gov/pubmed/28544174",0
"https://www.ncbi.nlm.nih.gov/pubmed/28544134",0
"https://www.ncbi.nlm.nih.gov/pubmed/28544121",0
"https://www.ncbi.nlm.nih.gov/pubmed/28544085",0
"https://www.ncbi.nlm.nih.gov/pubmed/28544024",0
"https://www.ncbi.nlm.nih.gov/pubmed/28543994",0
"https://www.ncbi.nlm.nih.gov/pubmed/28543965",0
"https://www.ncbi.nlm.nih.gov/pubmed/28543958",0
"https://www.ncbi.nlm.nih.gov/pubmed/28543920",0
"https://www.ncbi.nlm.nih.gov/pubmed/28543718",0
"https://www.ncbi.nlm.nih.gov/pubmed/28543426",0
"https://www.ncbi.nlm.nih.gov/pubmed/28543407",0
"https://www.ncbi.nlm.nih.gov/pubmed/28543405",0
"https://www.ncbi.nlm.nih.gov/pubmed/28543280",0
"https://www.ncbi.nlm.nih.gov/pubmed/28543187",0
"https://www.ncbi.nlm.nih.gov/pubmed/28543095",0
"https://www.ncbi.nlm.nih.gov/pubmed/28543077",0
"https://www.ncbi.nlm.nih.gov/pubmed/28543049",0
"https://www.ncbi.nlm.nih.gov/pubmed/28543045",0
"https://www.ncbi.nlm.nih.gov/pubmed/28542895",0
"https://www.ncbi.nlm.nih.gov/pubmed/28542780",0
"https://www.ncbi.nlm.nih.gov/pubmed/28542659",0
"https://www.ncbi.nlm.nih.gov/pubmed/28542592",0
"https://www.ncbi.nlm.nih.gov/pubmed/28542529",0
"https://www.ncbi.nlm.nih.gov/pubmed/28542508",0
"https://www.ncbi.nlm.nih.gov/pubmed/28542470",0
"https://www.ncbi.nlm.nih.gov/pubmed/28542281",0
"https://www.ncbi.nlm.nih.gov/pubmed/28542256",0
"https://www.ncbi.nlm.nih.gov/pubmed/28542226",0
"https://www.ncbi.nlm.nih.gov/pubmed/28542026",0
"https://www.ncbi.nlm.nih.gov/pubmed/28542025",0
"https://www.ncbi.nlm.nih.gov/pubmed/28541986",0
"https://www.ncbi.nlm.nih.gov/pubmed/28541802",0
"https://www.ncbi.nlm.nih.gov/pubmed/28541768",0
"https://www.ncbi.nlm.nih.gov/pubmed/28541765",0
"https://www.ncbi.nlm.nih.gov/pubmed/28541754",0
"https://www.ncbi.nlm.nih.gov/pubmed/28541649",0
"https://www.ncbi.nlm.nih.gov/pubmed/28541586",0
"https://www.ncbi.nlm.nih.gov/pubmed/28541526",0
"https://www.ncbi.nlm.nih.gov/pubmed/28541464",0
"https://www.ncbi.nlm.nih.gov/pubmed/28541397",0
"https://www.ncbi.nlm.nih.gov/pubmed/28541396",0
"https://www.ncbi.nlm.nih.gov/pubmed/28541239",0
"https://www.ncbi.nlm.nih.gov/pubmed/28541238",0
"https://www.ncbi.nlm.nih.gov/pubmed/28541091",0
"https://www.ncbi.nlm.nih.gov/pubmed/28541090",0
"https://www.ncbi.nlm.nih.gov/pubmed/28541073",0
"https://www.ncbi.nlm.nih.gov/pubmed/28541070",0
"https://www.ncbi.nlm.nih.gov/pubmed/28541064",0
"https://www.ncbi.nlm.nih.gov/pubmed/28540996",0
"https://www.ncbi.nlm.nih.gov/pubmed/28540843",0
"https://www.ncbi.nlm.nih.gov/pubmed/28540774",0
"https://www.ncbi.nlm.nih.gov/pubmed/28540768",0
"https://www.ncbi.nlm.nih.gov/pubmed/28540609",0
"https://www.ncbi.nlm.nih.gov/pubmed/28540597",0
"https://www.ncbi.nlm.nih.gov/pubmed/28540442",0
"https://www.ncbi.nlm.nih.gov/pubmed/28540434",0
"https://www.ncbi.nlm.nih.gov/pubmed/28540411",0
"https://www.ncbi.nlm.nih.gov/pubmed/28540343",0
"https://www.ncbi.nlm.nih.gov/pubmed/28540157",0
"https://www.ncbi.nlm.nih.gov/pubmed/28540153",0
"https://www.ncbi.nlm.nih.gov/pubmed/28540140",0
"https://www.ncbi.nlm.nih.gov/pubmed/28540043",0
"https://www.ncbi.nlm.nih.gov/pubmed/28540034",0
"https://www.ncbi.nlm.nih.gov/pubmed/28540033",0
"https://www.ncbi.nlm.nih.gov/pubmed/28539995",0
"https://www.ncbi.nlm.nih.gov/pubmed/28539994",0
"https://www.ncbi.nlm.nih.gov/pubmed/28539958",0
"https://www.ncbi.nlm.nih.gov/pubmed/28539957",0
"https://www.ncbi.nlm.nih.gov/pubmed/28539956",0
"https://www.ncbi.nlm.nih.gov/pubmed/28539950",0
"https://www.ncbi.nlm.nih.gov/pubmed/28539949",0
"https://www.ncbi.nlm.nih.gov/pubmed/28539946",0
"https://www.ncbi.nlm.nih.gov/pubmed/28539945",0
"https://www.ncbi.nlm.nih.gov/pubmed/28539942",0
"https://www.ncbi.nlm.nih.gov/pubmed/28539941",0
"https://www.ncbi.nlm.nih.gov/pubmed/28539894",0
"https://www.ncbi.nlm.nih.gov/pubmed/28539843",0
"https://www.ncbi.nlm.nih.gov/pubmed/28539841",0
"https://www.ncbi.nlm.nih.gov/pubmed/28539821",0
"https://www.ncbi.nlm.nih.gov/pubmed/28539538",0
"https://www.ncbi.nlm.nih.gov/pubmed/28539417",0
"https://www.ncbi.nlm.nih.gov/pubmed/28539304",0
"https://www.ncbi.nlm.nih.gov/pubmed/28538937",0
"https://www.ncbi.nlm.nih.gov/pubmed/28538810",0
"https://www.ncbi.nlm.nih.gov/pubmed/28538755",0
"https://www.ncbi.nlm.nih.gov/pubmed/28538748",0
"https://www.ncbi.nlm.nih.gov/pubmed/28538744",0
"https://www.ncbi.nlm.nih.gov/pubmed/28538629",0
"https://www.ncbi.nlm.nih.gov/pubmed/28538591",0
"https://www.ncbi.nlm.nih.gov/pubmed/28538560",0
"https://www.ncbi.nlm.nih.gov/pubmed/28538479",0
"https://www.ncbi.nlm.nih.gov/pubmed/28538404",0
"https://www.ncbi.nlm.nih.gov/pubmed/28538368",0
"https://www.ncbi.nlm.nih.gov/pubmed/28538263",0
"https://www.ncbi.nlm.nih.gov/pubmed/28538024",0
"https://www.ncbi.nlm.nih.gov/pubmed/28537978",0
"https://www.ncbi.nlm.nih.gov/pubmed/28537850",0
"https://www.ncbi.nlm.nih.gov/pubmed/28537802",0
"https://www.ncbi.nlm.nih.gov/pubmed/28537649",0
"https://www.ncbi.nlm.nih.gov/pubmed/28537498",0
"https://www.ncbi.nlm.nih.gov/pubmed/28537476",0
"https://www.ncbi.nlm.nih.gov/pubmed/28537462",0
"https://www.ncbi.nlm.nih.gov/pubmed/28537429",0
"https://www.ncbi.nlm.nih.gov/pubmed/28537422",0
"https://www.ncbi.nlm.nih.gov/pubmed/28537235",0
"https://www.ncbi.nlm.nih.gov/pubmed/28537123",0
"https://www.ncbi.nlm.nih.gov/pubmed/28537109",0
"https://www.ncbi.nlm.nih.gov/pubmed/28536998",0
"https://www.ncbi.nlm.nih.gov/pubmed/28536989",0
"https://www.ncbi.nlm.nih.gov/pubmed/28536983",0
"https://www.ncbi.nlm.nih.gov/pubmed/28536974",0
"https://www.ncbi.nlm.nih.gov/pubmed/28536973",0
"https://www.ncbi.nlm.nih.gov/pubmed/28536884",0
"https://www.ncbi.nlm.nih.gov/pubmed/28536873",0
"https://www.ncbi.nlm.nih.gov/pubmed/28536866",0
"https://www.ncbi.nlm.nih.gov/pubmed/28536865",0
"https://www.ncbi.nlm.nih.gov/pubmed/28536741",0
"https://www.ncbi.nlm.nih.gov/pubmed/28536657",0
"https://www.ncbi.nlm.nih.gov/pubmed/28536539",0
"https://www.ncbi.nlm.nih.gov/pubmed/28536527",0
"https://www.ncbi.nlm.nih.gov/pubmed/28536503",0
"https://www.ncbi.nlm.nih.gov/pubmed/28536068",0
"https://www.ncbi.nlm.nih.gov/pubmed/28535895",0
"https://www.ncbi.nlm.nih.gov/pubmed/28535890",0
"https://www.ncbi.nlm.nih.gov/pubmed/28535848",0
"https://www.ncbi.nlm.nih.gov/pubmed/28535843",0
"https://www.ncbi.nlm.nih.gov/pubmed/28535815",0
"https://www.ncbi.nlm.nih.gov/pubmed/28535798",0
"https://www.ncbi.nlm.nih.gov/pubmed/28535753",0
"https://www.ncbi.nlm.nih.gov/pubmed/28535723",0
"https://www.ncbi.nlm.nih.gov/pubmed/28535700",0
"https://www.ncbi.nlm.nih.gov/pubmed/28535558",0
"https://www.ncbi.nlm.nih.gov/pubmed/28535549",0
"https://www.ncbi.nlm.nih.gov/pubmed/28535454",0
"https://www.ncbi.nlm.nih.gov/pubmed/28535449",0
"https://www.ncbi.nlm.nih.gov/pubmed/28535448",0
"https://www.ncbi.nlm.nih.gov/pubmed/28535434",0
"https://www.ncbi.nlm.nih.gov/pubmed/28535424",0
"https://www.ncbi.nlm.nih.gov/pubmed/28535408",0
"https://www.ncbi.nlm.nih.gov/pubmed/28535406",0
"https://www.ncbi.nlm.nih.gov/pubmed/28535397",0
"https://www.ncbi.nlm.nih.gov/pubmed/28535365",0
"https://www.ncbi.nlm.nih.gov/pubmed/28535332",0
"https://www.ncbi.nlm.nih.gov/pubmed/28535331",0
"https://www.ncbi.nlm.nih.gov/pubmed/28535306",0
"https://www.ncbi.nlm.nih.gov/pubmed/28535283",0
"https://www.ncbi.nlm.nih.gov/pubmed/28535270",0
"https://www.ncbi.nlm.nih.gov/pubmed/28535264",0
"https://www.ncbi.nlm.nih.gov/pubmed/28535241",0
"https://www.ncbi.nlm.nih.gov/pubmed/28535081",0
"https://www.ncbi.nlm.nih.gov/pubmed/28534643",0
"https://www.ncbi.nlm.nih.gov/pubmed/28534600",0
"https://www.ncbi.nlm.nih.gov/pubmed/28534453",0
"https://www.ncbi.nlm.nih.gov/pubmed/28534422",0
"https://www.ncbi.nlm.nih.gov/pubmed/28534380",0
"https://www.ncbi.nlm.nih.gov/pubmed/28534301",0
"https://www.ncbi.nlm.nih.gov/pubmed/28534186",0
"https://www.ncbi.nlm.nih.gov/pubmed/28534181",0
"https://www.ncbi.nlm.nih.gov/pubmed/28534123",0
"https://www.ncbi.nlm.nih.gov/pubmed/28534110",0
"https://www.ncbi.nlm.nih.gov/pubmed/28534022",0
"https://www.ncbi.nlm.nih.gov/pubmed/28534003",0
"https://www.ncbi.nlm.nih.gov/pubmed/28533953",0
"https://www.ncbi.nlm.nih.gov/pubmed/28533838",0
"https://www.ncbi.nlm.nih.gov/pubmed/28533742",0
"https://www.ncbi.nlm.nih.gov/pubmed/28533695",0
"https://www.ncbi.nlm.nih.gov/pubmed/28533622",0
"https://www.ncbi.nlm.nih.gov/pubmed/28533571",0
"https://www.ncbi.nlm.nih.gov/pubmed/28533519",0
"https://www.ncbi.nlm.nih.gov/pubmed/28533517",0
"https://www.ncbi.nlm.nih.gov/pubmed/28533447",0
"https://www.ncbi.nlm.nih.gov/pubmed/28533191",0
"https://www.ncbi.nlm.nih.gov/pubmed/28533149",0
"https://www.ncbi.nlm.nih.gov/pubmed/28533035",0
"https://www.ncbi.nlm.nih.gov/pubmed/28532734",0
"https://www.ncbi.nlm.nih.gov/pubmed/28532715",0
"https://www.ncbi.nlm.nih.gov/pubmed/28532711",0
"https://www.ncbi.nlm.nih.gov/pubmed/28532510",0
"https://www.ncbi.nlm.nih.gov/pubmed/28532443",0
"https://www.ncbi.nlm.nih.gov/pubmed/28532431",0
"https://www.ncbi.nlm.nih.gov/pubmed/28532395",0
"https://www.ncbi.nlm.nih.gov/pubmed/28532277",0
"https://www.ncbi.nlm.nih.gov/pubmed/28532261",0
"https://www.ncbi.nlm.nih.gov/pubmed/28532259",0
"https://www.ncbi.nlm.nih.gov/pubmed/28532257",0
"https://www.ncbi.nlm.nih.gov/pubmed/28532235",0
"https://www.ncbi.nlm.nih.gov/pubmed/28532229",0
"https://www.ncbi.nlm.nih.gov/pubmed/28532169",0
"https://www.ncbi.nlm.nih.gov/pubmed/28532165",0
"https://www.ncbi.nlm.nih.gov/pubmed/28531848",0
"https://www.ncbi.nlm.nih.gov/pubmed/28531841",0
"https://www.ncbi.nlm.nih.gov/pubmed/28531823",0
"https://www.ncbi.nlm.nih.gov/pubmed/28531822",0
"https://www.ncbi.nlm.nih.gov/pubmed/28531777",0
"https://www.ncbi.nlm.nih.gov/pubmed/28531768",0
"https://www.ncbi.nlm.nih.gov/pubmed/28531646",0
"https://www.ncbi.nlm.nih.gov/pubmed/28531306",0
"https://www.ncbi.nlm.nih.gov/pubmed/28531302",0
"https://www.ncbi.nlm.nih.gov/pubmed/28531292",0
"https://www.ncbi.nlm.nih.gov/pubmed/28531264",0
"https://www.ncbi.nlm.nih.gov/pubmed/28531176",0
"https://www.ncbi.nlm.nih.gov/pubmed/28530897",0
"https://www.ncbi.nlm.nih.gov/pubmed/28530876",0
"https://www.ncbi.nlm.nih.gov/pubmed/28530477",0
"https://www.ncbi.nlm.nih.gov/pubmed/28530410",0
"https://www.ncbi.nlm.nih.gov/pubmed/28530383",0
"https://www.ncbi.nlm.nih.gov/pubmed/28530346",0
"https://www.ncbi.nlm.nih.gov/pubmed/28530341",0
"https://www.ncbi.nlm.nih.gov/pubmed/28530335",0
"https://www.ncbi.nlm.nih.gov/pubmed/28530312",0
"https://www.ncbi.nlm.nih.gov/pubmed/28530238",0
"https://www.ncbi.nlm.nih.gov/pubmed/28530171",0
"https://www.ncbi.nlm.nih.gov/pubmed/28530142",0
"https://www.ncbi.nlm.nih.gov/pubmed/28530045",0
"https://www.ncbi.nlm.nih.gov/pubmed/28529921",0
"https://www.ncbi.nlm.nih.gov/pubmed/28529826",0
"https://www.ncbi.nlm.nih.gov/pubmed/28529805",0
"https://www.ncbi.nlm.nih.gov/pubmed/28529734",0
"https://www.ncbi.nlm.nih.gov/pubmed/28529691",0
"https://www.ncbi.nlm.nih.gov/pubmed/28529688",0
"https://www.ncbi.nlm.nih.gov/pubmed/28529492",0
"https://www.ncbi.nlm.nih.gov/pubmed/28529479",0
"https://www.ncbi.nlm.nih.gov/pubmed/28529465",0
"https://www.ncbi.nlm.nih.gov/pubmed/28529394",0
"https://www.ncbi.nlm.nih.gov/pubmed/28529377",0
"https://www.ncbi.nlm.nih.gov/pubmed/28529365",0
"https://www.ncbi.nlm.nih.gov/pubmed/28529306",0
"https://www.ncbi.nlm.nih.gov/pubmed/28529261",0
"https://www.ncbi.nlm.nih.gov/pubmed/28529187",0
"https://www.ncbi.nlm.nih.gov/pubmed/28529139",0
"https://www.ncbi.nlm.nih.gov/pubmed/28529072",0
"https://www.ncbi.nlm.nih.gov/pubmed/28529071",0
"https://www.ncbi.nlm.nih.gov/pubmed/28529043",0
"https://www.ncbi.nlm.nih.gov/pubmed/28529007",0
"https://www.ncbi.nlm.nih.gov/pubmed/28528981",0
"https://www.ncbi.nlm.nih.gov/pubmed/28528967",0
"https://www.ncbi.nlm.nih.gov/pubmed/28528930",0
"https://www.ncbi.nlm.nih.gov/pubmed/28528818",0
"https://www.ncbi.nlm.nih.gov/pubmed/28528808",0
"https://www.ncbi.nlm.nih.gov/pubmed/28528805",0
"https://www.ncbi.nlm.nih.gov/pubmed/28528594",0
"https://www.ncbi.nlm.nih.gov/pubmed/28528584",0
"https://www.ncbi.nlm.nih.gov/pubmed/28528583",0
"https://www.ncbi.nlm.nih.gov/pubmed/28528563",0
"https://www.ncbi.nlm.nih.gov/pubmed/28528457",0
"https://www.ncbi.nlm.nih.gov/pubmed/28528448",0
"https://www.ncbi.nlm.nih.gov/pubmed/28528371",0
"https://www.ncbi.nlm.nih.gov/pubmed/28528350",0
"https://www.ncbi.nlm.nih.gov/pubmed/28528298",0
"https://www.ncbi.nlm.nih.gov/pubmed/28528244",0
"https://www.ncbi.nlm.nih.gov/pubmed/28528242",0
"https://www.ncbi.nlm.nih.gov/pubmed/28528241",0
"https://www.ncbi.nlm.nih.gov/pubmed/28528223",0
"https://www.ncbi.nlm.nih.gov/pubmed/28528196",0
"https://www.ncbi.nlm.nih.gov/pubmed/28528143",0
"https://www.ncbi.nlm.nih.gov/pubmed/28528122",0
"https://www.ncbi.nlm.nih.gov/pubmed/28528079",0
"https://www.ncbi.nlm.nih.gov/pubmed/28527954",0
"https://www.ncbi.nlm.nih.gov/pubmed/28527907",0
"https://www.ncbi.nlm.nih.gov/pubmed/28527694",0
"https://www.ncbi.nlm.nih.gov/pubmed/28527683",0
"https://www.ncbi.nlm.nih.gov/pubmed/28527642",0
"https://www.ncbi.nlm.nih.gov/pubmed/28527567",0
"https://www.ncbi.nlm.nih.gov/pubmed/28527537",0
"https://www.ncbi.nlm.nih.gov/pubmed/28527521",0
"https://www.ncbi.nlm.nih.gov/pubmed/28527311",0
"https://www.ncbi.nlm.nih.gov/pubmed/28527300",0
"https://www.ncbi.nlm.nih.gov/pubmed/28527273",0
"https://www.ncbi.nlm.nih.gov/pubmed/28527271",0
"https://www.ncbi.nlm.nih.gov/pubmed/28527159",0
"https://www.ncbi.nlm.nih.gov/pubmed/28527135",0
"https://www.ncbi.nlm.nih.gov/pubmed/28527134",0
"https://www.ncbi.nlm.nih.gov/pubmed/28527112",0
"https://www.ncbi.nlm.nih.gov/pubmed/28527093",0
"https://www.ncbi.nlm.nih.gov/pubmed/28527084",0
"https://www.ncbi.nlm.nih.gov/pubmed/28527083",0
"https://www.ncbi.nlm.nih.gov/pubmed/28527076",0
"https://www.ncbi.nlm.nih.gov/pubmed/28527069",0
"https://www.ncbi.nlm.nih.gov/pubmed/28527018",0
"https://www.ncbi.nlm.nih.gov/pubmed/28527013",0
"https://www.ncbi.nlm.nih.gov/pubmed/28526869",0
"https://www.ncbi.nlm.nih.gov/pubmed/28526867",0
"https://www.ncbi.nlm.nih.gov/pubmed/28526817",0
"https://www.ncbi.nlm.nih.gov/pubmed/28526584",0
"https://www.ncbi.nlm.nih.gov/pubmed/28526480",0
"https://www.ncbi.nlm.nih.gov/pubmed/28526411",0
"https://www.ncbi.nlm.nih.gov/pubmed/28526399",0
"https://www.ncbi.nlm.nih.gov/pubmed/28526390",0
"https://www.ncbi.nlm.nih.gov/pubmed/28526329",0
"https://www.ncbi.nlm.nih.gov/pubmed/28526259",0
"https://www.ncbi.nlm.nih.gov/pubmed/28526257",0
"https://www.ncbi.nlm.nih.gov/pubmed/28526255",0
"https://www.ncbi.nlm.nih.gov/pubmed/28526254",0
"https://www.ncbi.nlm.nih.gov/pubmed/28526049",0
"https://www.ncbi.nlm.nih.gov/pubmed/28526007",0
"https://www.ncbi.nlm.nih.gov/pubmed/28526002",0
"https://www.ncbi.nlm.nih.gov/pubmed/28525988",0
"https://www.ncbi.nlm.nih.gov/pubmed/28525907",0
"https://www.ncbi.nlm.nih.gov/pubmed/28525876",0
"https://www.ncbi.nlm.nih.gov/pubmed/28525836",0
"https://www.ncbi.nlm.nih.gov/pubmed/28525828",0
"https://www.ncbi.nlm.nih.gov/pubmed/28525825",0
"https://www.ncbi.nlm.nih.gov/pubmed/28525824",0
"https://www.ncbi.nlm.nih.gov/pubmed/28525822",0
"https://www.ncbi.nlm.nih.gov/pubmed/28525821",0
"https://www.ncbi.nlm.nih.gov/pubmed/28525797",0
"https://www.ncbi.nlm.nih.gov/pubmed/28525796",0
"https://www.ncbi.nlm.nih.gov/pubmed/28525775",0
"https://www.ncbi.nlm.nih.gov/pubmed/28525732",0
"https://www.ncbi.nlm.nih.gov/pubmed/28525728",0
"https://www.ncbi.nlm.nih.gov/pubmed/28525727",0
"https://www.ncbi.nlm.nih.gov/pubmed/28525636",0
"https://www.ncbi.nlm.nih.gov/pubmed/28525632",0
"https://www.ncbi.nlm.nih.gov/pubmed/28525628",0
"https://www.ncbi.nlm.nih.gov/pubmed/28525601",0
"https://www.ncbi.nlm.nih.gov/pubmed/28525584",0
"https://www.ncbi.nlm.nih.gov/pubmed/28525464",0
"https://www.ncbi.nlm.nih.gov/pubmed/28525197",0
"https://www.ncbi.nlm.nih.gov/pubmed/28524767",0
"https://www.ncbi.nlm.nih.gov/pubmed/28524238",0
"https://www.ncbi.nlm.nih.gov/pubmed/28524022",0
"https://www.ncbi.nlm.nih.gov/pubmed/28523943",0
"https://www.ncbi.nlm.nih.gov/pubmed/28523721",0
"https://www.ncbi.nlm.nih.gov/pubmed/28523593",0
"https://www.ncbi.nlm.nih.gov/pubmed/28523558",0
"https://www.ncbi.nlm.nih.gov/pubmed/28523548",0
"https://www.ncbi.nlm.nih.gov/pubmed/28523547",0
"https://www.ncbi.nlm.nih.gov/pubmed/28523546",0
"https://www.ncbi.nlm.nih.gov/pubmed/28523545",0
"https://www.ncbi.nlm.nih.gov/pubmed/28523481",0
"https://www.ncbi.nlm.nih.gov/pubmed/28523431",0
"https://www.ncbi.nlm.nih.gov/pubmed/28523314",0
"https://www.ncbi.nlm.nih.gov/pubmed/28523265",0
"https://www.ncbi.nlm.nih.gov/pubmed/28523258",0
"https://www.ncbi.nlm.nih.gov/pubmed/28523217",0
"https://www.ncbi.nlm.nih.gov/pubmed/28523193",0
"https://www.ncbi.nlm.nih.gov/pubmed/28523026",0
"https://www.ncbi.nlm.nih.gov/pubmed/28522989",0
"https://www.ncbi.nlm.nih.gov/pubmed/28522977",0
"https://www.ncbi.nlm.nih.gov/pubmed/28522892",0
"https://www.ncbi.nlm.nih.gov/pubmed/28522822",0
"https://www.ncbi.nlm.nih.gov/pubmed/28522649",0
"https://www.ncbi.nlm.nih.gov/pubmed/28522289",0
"https://www.ncbi.nlm.nih.gov/pubmed/28522204",0
"https://www.ncbi.nlm.nih.gov/pubmed/28522128",0
"https://www.ncbi.nlm.nih.gov/pubmed/28522093",0
"https://www.ncbi.nlm.nih.gov/pubmed/28522091",0
"https://www.ncbi.nlm.nih.gov/pubmed/28522035",0
"https://www.ncbi.nlm.nih.gov/pubmed/28521846",0
"https://www.ncbi.nlm.nih.gov/pubmed/28521844",0
"https://www.ncbi.nlm.nih.gov/pubmed/28521836",0
"https://www.ncbi.nlm.nih.gov/pubmed/28521751",0
"https://www.ncbi.nlm.nih.gov/pubmed/28521731",0
"https://www.ncbi.nlm.nih.gov/pubmed/28521645",0
"https://www.ncbi.nlm.nih.gov/pubmed/28521620",0
"https://www.ncbi.nlm.nih.gov/pubmed/28521619",0
"https://www.ncbi.nlm.nih.gov/pubmed/28521618",0
"https://www.ncbi.nlm.nih.gov/pubmed/28521595",0
"https://www.ncbi.nlm.nih.gov/pubmed/28521579",0
"https://www.ncbi.nlm.nih.gov/pubmed/28521552",0
"https://www.ncbi.nlm.nih.gov/pubmed/28520382",0
"https://www.ncbi.nlm.nih.gov/pubmed/28520380",0
"https://www.ncbi.nlm.nih.gov/pubmed/28520379",0
"https://www.ncbi.nlm.nih.gov/pubmed/28520375",0
"https://www.ncbi.nlm.nih.gov/pubmed/28520350",0
"https://www.ncbi.nlm.nih.gov/pubmed/28520342",0
"https://www.ncbi.nlm.nih.gov/pubmed/28521271",0
"https://www.ncbi.nlm.nih.gov/pubmed/28521268",0
"https://www.ncbi.nlm.nih.gov/pubmed/28521266",0
"https://www.ncbi.nlm.nih.gov/pubmed/28521247",0
"https://www.ncbi.nlm.nih.gov/pubmed/28521187",0
"https://www.ncbi.nlm.nih.gov/pubmed/28521126",0
"https://www.ncbi.nlm.nih.gov/pubmed/28521111",0
"https://www.ncbi.nlm.nih.gov/pubmed/28521031",0
"https://www.ncbi.nlm.nih.gov/pubmed/28521005",0
"https://www.ncbi.nlm.nih.gov/pubmed/28520926",0
"https://www.ncbi.nlm.nih.gov/pubmed/28520921",0
"https://www.ncbi.nlm.nih.gov/pubmed/28520739",0
"https://www.ncbi.nlm.nih.gov/pubmed/28520672",0
"https://www.ncbi.nlm.nih.gov/pubmed/28520669",0
"https://www.ncbi.nlm.nih.gov/pubmed/28520663",0
"https://www.ncbi.nlm.nih.gov/pubmed/28520662",0
"https://www.ncbi.nlm.nih.gov/pubmed/28520661",0
"https://www.ncbi.nlm.nih.gov/pubmed/28520647",0
"https://www.ncbi.nlm.nih.gov/pubmed/28520646",0
"https://www.ncbi.nlm.nih.gov/pubmed/28520578",0
"https://www.ncbi.nlm.nih.gov/pubmed/28519966",0
"https://www.ncbi.nlm.nih.gov/pubmed/28518111",0
"https://www.ncbi.nlm.nih.gov/pubmed/28517969",0
"https://www.ncbi.nlm.nih.gov/pubmed/28516827",0
"https://www.ncbi.nlm.nih.gov/pubmed/28516810",0
"https://www.ncbi.nlm.nih.gov/pubmed/28516669",0
"https://www.ncbi.nlm.nih.gov/pubmed/28516509",0
"https://www.ncbi.nlm.nih.gov/pubmed/28516497",0
"https://www.ncbi.nlm.nih.gov/pubmed/28516488",0
"https://www.ncbi.nlm.nih.gov/pubmed/28516474",0
"https://www.ncbi.nlm.nih.gov/pubmed/28516468",0
"https://www.ncbi.nlm.nih.gov/pubmed/28516431",0
"https://www.ncbi.nlm.nih.gov/pubmed/28516425",0
"https://www.ncbi.nlm.nih.gov/pubmed/28516238",0
"https://www.ncbi.nlm.nih.gov/pubmed/28516220",0
"https://www.ncbi.nlm.nih.gov/pubmed/28515957",0
"https://www.ncbi.nlm.nih.gov/pubmed/28515933",0
"https://www.ncbi.nlm.nih.gov/pubmed/28515877",0
"https://www.ncbi.nlm.nih.gov/pubmed/28515818",0
"https://www.ncbi.nlm.nih.gov/pubmed/28515800",0
"https://www.ncbi.nlm.nih.gov/pubmed/28515684",0
"https://www.ncbi.nlm.nih.gov/pubmed/28515565",0
"https://www.ncbi.nlm.nih.gov/pubmed/28515561",0
"https://www.ncbi.nlm.nih.gov/pubmed/28515549",0
"https://www.ncbi.nlm.nih.gov/pubmed/28515545",0
"https://www.ncbi.nlm.nih.gov/pubmed/28515544",0
"https://www.ncbi.nlm.nih.gov/pubmed/28515538",0
"https://www.ncbi.nlm.nih.gov/pubmed/28515237",0
"https://www.ncbi.nlm.nih.gov/pubmed/28515235",0
"https://www.ncbi.nlm.nih.gov/pubmed/28515117",0
"https://www.ncbi.nlm.nih.gov/pubmed/28515116",0
"https://www.ncbi.nlm.nih.gov/pubmed/28514992",0
"https://www.ncbi.nlm.nih.gov/pubmed/28514963",0
"https://www.ncbi.nlm.nih.gov/pubmed/28514792",0
"https://www.ncbi.nlm.nih.gov/pubmed/28514693",0
"https://www.ncbi.nlm.nih.gov/pubmed/28514669",0
"https://www.ncbi.nlm.nih.gov/pubmed/28514640",0
"https://www.ncbi.nlm.nih.gov/pubmed/28514463",0
"https://www.ncbi.nlm.nih.gov/pubmed/28514459",0
"https://www.ncbi.nlm.nih.gov/pubmed/28514402",0
"https://www.ncbi.nlm.nih.gov/pubmed/28514398",0
"https://www.ncbi.nlm.nih.gov/pubmed/28514334",0
"https://www.ncbi.nlm.nih.gov/pubmed/28514237",0
"https://www.ncbi.nlm.nih.gov/pubmed/28514220",0
"https://www.ncbi.nlm.nih.gov/pubmed/28514193",0
"https://www.ncbi.nlm.nih.gov/pubmed/28513794",0
"https://www.ncbi.nlm.nih.gov/pubmed/28513765",0
"https://www.ncbi.nlm.nih.gov/pubmed/28513543",0
"https://www.ncbi.nlm.nih.gov/pubmed/28513290",0
"https://www.ncbi.nlm.nih.gov/pubmed/28513200",0
"https://www.ncbi.nlm.nih.gov/pubmed/28513195",0
"https://www.ncbi.nlm.nih.gov/pubmed/28513190",0
"https://www.ncbi.nlm.nih.gov/pubmed/28513187",0
"https://www.ncbi.nlm.nih.gov/pubmed/28513073",0
"https://www.ncbi.nlm.nih.gov/pubmed/28513059",0
"https://www.ncbi.nlm.nih.gov/pubmed/28513055",0
"https://www.ncbi.nlm.nih.gov/pubmed/28512860",0
"https://www.ncbi.nlm.nih.gov/pubmed/28512767",0
"https://www.ncbi.nlm.nih.gov/pubmed/28512684",0
"https://www.ncbi.nlm.nih.gov/pubmed/28512441",0
"https://www.ncbi.nlm.nih.gov/pubmed/28512440",0
"https://www.ncbi.nlm.nih.gov/pubmed/28512065",0
"https://www.ncbi.nlm.nih.gov/pubmed/28512033",0
"https://www.ncbi.nlm.nih.gov/pubmed/28511998",0
"https://www.ncbi.nlm.nih.gov/pubmed/28511978",0
"https://www.ncbi.nlm.nih.gov/pubmed/28511964",0
"https://www.ncbi.nlm.nih.gov/pubmed/28511829",0
"https://www.ncbi.nlm.nih.gov/pubmed/28511828",0
"https://www.ncbi.nlm.nih.gov/pubmed/28511824",0
"https://www.ncbi.nlm.nih.gov/pubmed/28511821",0
"https://www.ncbi.nlm.nih.gov/pubmed/28511820",0
"https://www.ncbi.nlm.nih.gov/pubmed/28511740",0
"https://www.ncbi.nlm.nih.gov/pubmed/28511739",0
"https://www.ncbi.nlm.nih.gov/pubmed/28511738",0
"https://www.ncbi.nlm.nih.gov/pubmed/28511703",0
"https://www.ncbi.nlm.nih.gov/pubmed/28511610",0
"https://www.ncbi.nlm.nih.gov/pubmed/28511605",0
"https://www.ncbi.nlm.nih.gov/pubmed/28511598",0
"https://www.ncbi.nlm.nih.gov/pubmed/28511595",0
"https://www.ncbi.nlm.nih.gov/pubmed/28511591",0
"https://www.ncbi.nlm.nih.gov/pubmed/28511561",0
"https://www.ncbi.nlm.nih.gov/pubmed/28511488",0
"https://www.ncbi.nlm.nih.gov/pubmed/28511484",0
"https://www.ncbi.nlm.nih.gov/pubmed/28511324",0
"https://www.ncbi.nlm.nih.gov/pubmed/28510401",0
"https://www.ncbi.nlm.nih.gov/pubmed/28511290",0
"https://www.ncbi.nlm.nih.gov/pubmed/28511242",0
"https://www.ncbi.nlm.nih.gov/pubmed/28511241",0
"https://www.ncbi.nlm.nih.gov/pubmed/28511141",0
"https://www.ncbi.nlm.nih.gov/pubmed/28511140",0
"https://www.ncbi.nlm.nih.gov/pubmed/28511127",0
"https://www.ncbi.nlm.nih.gov/pubmed/28511097",0
"https://www.ncbi.nlm.nih.gov/pubmed/28511072",0
"https://www.ncbi.nlm.nih.gov/pubmed/28511050",0
"https://www.ncbi.nlm.nih.gov/pubmed/28511032",0
"https://www.ncbi.nlm.nih.gov/pubmed/28510785",0
"https://www.ncbi.nlm.nih.gov/pubmed/28510467",0
"https://www.ncbi.nlm.nih.gov/pubmed/28510288",0
"https://www.ncbi.nlm.nih.gov/pubmed/28509941",0
"https://www.ncbi.nlm.nih.gov/pubmed/28509904",0
"https://www.ncbi.nlm.nih.gov/pubmed/28509902",0
"https://www.ncbi.nlm.nih.gov/pubmed/28509901",0
"https://www.ncbi.nlm.nih.gov/pubmed/28509900",0
"https://www.ncbi.nlm.nih.gov/pubmed/28509707",0
"https://www.ncbi.nlm.nih.gov/pubmed/28509391",0
"https://www.ncbi.nlm.nih.gov/pubmed/28509376",0
"https://www.ncbi.nlm.nih.gov/pubmed/28509364",0
"https://www.ncbi.nlm.nih.gov/pubmed/28509336",0
"https://www.ncbi.nlm.nih.gov/pubmed/28509013",0
"https://www.ncbi.nlm.nih.gov/pubmed/28508888",0
"https://www.ncbi.nlm.nih.gov/pubmed/28508766",0
"https://www.ncbi.nlm.nih.gov/pubmed/28508735",0
"https://www.ncbi.nlm.nih.gov/pubmed/28508700",0
"https://www.ncbi.nlm.nih.gov/pubmed/28508698",0
"https://www.ncbi.nlm.nih.gov/pubmed/28508680",0
"https://www.ncbi.nlm.nih.gov/pubmed/28508665",0
"https://www.ncbi.nlm.nih.gov/pubmed/28508657",0
"https://www.ncbi.nlm.nih.gov/pubmed/28508514",0
"https://www.ncbi.nlm.nih.gov/pubmed/28508511",0
"https://www.ncbi.nlm.nih.gov/pubmed/28508447",0
"https://www.ncbi.nlm.nih.gov/pubmed/28508370",0
"https://www.ncbi.nlm.nih.gov/pubmed/28508317",0
"https://www.ncbi.nlm.nih.gov/pubmed/28508278",0
"https://www.ncbi.nlm.nih.gov/pubmed/28508255",0
"https://www.ncbi.nlm.nih.gov/pubmed/28508204",0
"https://www.ncbi.nlm.nih.gov/pubmed/28508197",0
"https://www.ncbi.nlm.nih.gov/pubmed/28507829",0
"https://www.ncbi.nlm.nih.gov/pubmed/28507774",0
"https://www.ncbi.nlm.nih.gov/pubmed/28507772",0
"https://www.ncbi.nlm.nih.gov/pubmed/28507767",0
"https://www.ncbi.nlm.nih.gov/pubmed/28507609",0
"https://www.ncbi.nlm.nih.gov/pubmed/28507594",0
"https://www.ncbi.nlm.nih.gov/pubmed/28507504",0
"https://www.ncbi.nlm.nih.gov/pubmed/28507497",0
"https://www.ncbi.nlm.nih.gov/pubmed/28507490",0
"https://www.ncbi.nlm.nih.gov/pubmed/28507445",0
"https://www.ncbi.nlm.nih.gov/pubmed/28507425",0
"https://www.ncbi.nlm.nih.gov/pubmed/28507317",0
"https://www.ncbi.nlm.nih.gov/pubmed/28506956",0
"https://www.ncbi.nlm.nih.gov/pubmed/28506924",0
"https://www.ncbi.nlm.nih.gov/pubmed/28506855",0
"https://www.ncbi.nlm.nih.gov/pubmed/28506777",0
"https://www.ncbi.nlm.nih.gov/pubmed/28506679",0
"https://www.ncbi.nlm.nih.gov/pubmed/28506605",0
"https://www.ncbi.nlm.nih.gov/pubmed/28506540",0
"https://www.ncbi.nlm.nih.gov/pubmed/28506437",0
"https://www.ncbi.nlm.nih.gov/pubmed/28506333",0
"https://www.ncbi.nlm.nih.gov/pubmed/28506305",0
"https://www.ncbi.nlm.nih.gov/pubmed/28506263",0
"https://www.ncbi.nlm.nih.gov/pubmed/28506233",0
"https://www.ncbi.nlm.nih.gov/pubmed/28506219",0
"https://www.ncbi.nlm.nih.gov/pubmed/28506191",0
"https://www.ncbi.nlm.nih.gov/pubmed/28506184",0
"https://www.ncbi.nlm.nih.gov/pubmed/28506160",0
"https://www.ncbi.nlm.nih.gov/pubmed/28506147",0
"https://www.ncbi.nlm.nih.gov/pubmed/28506139",0
"https://www.ncbi.nlm.nih.gov/pubmed/28506018",0
"https://www.ncbi.nlm.nih.gov/pubmed/28505996",0
"https://www.ncbi.nlm.nih.gov/pubmed/28505970",0
"https://www.ncbi.nlm.nih.gov/pubmed/28505669",0
"https://www.ncbi.nlm.nih.gov/pubmed/28505586",0
"https://www.ncbi.nlm.nih.gov/pubmed/28505501",0
"https://www.ncbi.nlm.nih.gov/pubmed/28505499",0
"https://www.ncbi.nlm.nih.gov/pubmed/28505489",0
"https://www.ncbi.nlm.nih.gov/pubmed/28505469",0
"https://www.ncbi.nlm.nih.gov/pubmed/28505358",0
"https://www.ncbi.nlm.nih.gov/pubmed/28505357",0
"https://www.ncbi.nlm.nih.gov/pubmed/28505271",0
"https://www.ncbi.nlm.nih.gov/pubmed/28505156",0
"https://www.ncbi.nlm.nih.gov/pubmed/28505062",0
"https://www.ncbi.nlm.nih.gov/pubmed/28505021",0
"https://www.ncbi.nlm.nih.gov/pubmed/28504840",0
"https://www.ncbi.nlm.nih.gov/pubmed/28504637",0
"https://www.ncbi.nlm.nih.gov/pubmed/28504623",0
"https://www.ncbi.nlm.nih.gov/pubmed/28504561",0
"https://www.ncbi.nlm.nih.gov/pubmed/28504542",0
"https://www.ncbi.nlm.nih.gov/pubmed/28504307",0
"https://www.ncbi.nlm.nih.gov/pubmed/28504212",0
"https://www.ncbi.nlm.nih.gov/pubmed/28504078",0
"https://www.ncbi.nlm.nih.gov/pubmed/28504010",0
"https://www.ncbi.nlm.nih.gov/pubmed/28503982",0
"https://www.ncbi.nlm.nih.gov/pubmed/28503978",0
"https://www.ncbi.nlm.nih.gov/pubmed/28503975",0
"https://www.ncbi.nlm.nih.gov/pubmed/28503892",0
"https://www.ncbi.nlm.nih.gov/pubmed/28503719",0
"https://www.ncbi.nlm.nih.gov/pubmed/28503714",0
"https://www.ncbi.nlm.nih.gov/pubmed/28503712",0
"https://www.ncbi.nlm.nih.gov/pubmed/28503706",0
"https://www.ncbi.nlm.nih.gov/pubmed/28503674",0
"https://www.ncbi.nlm.nih.gov/pubmed/28503650",0
"https://www.ncbi.nlm.nih.gov/pubmed/28503571",0
"https://www.ncbi.nlm.nih.gov/pubmed/28503525",0
"https://www.ncbi.nlm.nih.gov/pubmed/28503523",0
"https://www.ncbi.nlm.nih.gov/pubmed/28503522",0
"https://www.ncbi.nlm.nih.gov/pubmed/28503505",0
"https://www.ncbi.nlm.nih.gov/pubmed/28503462",0
"https://www.ncbi.nlm.nih.gov/pubmed/28503402",0
"https://www.ncbi.nlm.nih.gov/pubmed/28503244",0
"https://www.ncbi.nlm.nih.gov/pubmed/28503224",0
"https://www.ncbi.nlm.nih.gov/pubmed/28503193",0
"https://www.ncbi.nlm.nih.gov/pubmed/28503138",0
"https://www.ncbi.nlm.nih.gov/pubmed/28503137",0
"https://www.ncbi.nlm.nih.gov/pubmed/28503114",0
"https://www.ncbi.nlm.nih.gov/pubmed/28503113",0
"https://www.ncbi.nlm.nih.gov/pubmed/28503112",0
"https://www.ncbi.nlm.nih.gov/pubmed/28503111",0
"https://www.ncbi.nlm.nih.gov/pubmed/28503110",0
"https://www.ncbi.nlm.nih.gov/pubmed/28503108",0
"https://www.ncbi.nlm.nih.gov/pubmed/28503107",0
"https://www.ncbi.nlm.nih.gov/pubmed/28503106",0
"https://www.ncbi.nlm.nih.gov/pubmed/28503105",0
"https://www.ncbi.nlm.nih.gov/pubmed/28503077",0
"https://www.ncbi.nlm.nih.gov/pubmed/28503039",0
"https://www.ncbi.nlm.nih.gov/pubmed/28503028",0
"https://www.ncbi.nlm.nih.gov/pubmed/28503011",0
"https://www.ncbi.nlm.nih.gov/pubmed/28502978",0
"https://www.ncbi.nlm.nih.gov/pubmed/28502879",0
"https://www.ncbi.nlm.nih.gov/pubmed/28502806",0
"https://www.ncbi.nlm.nih.gov/pubmed/28502781",0
"https://www.ncbi.nlm.nih.gov/pubmed/28502732",0
"https://www.ncbi.nlm.nih.gov/pubmed/28502691",0
"https://www.ncbi.nlm.nih.gov/pubmed/28502631",0
"https://www.ncbi.nlm.nih.gov/pubmed/28502529",0
"https://www.ncbi.nlm.nih.gov/pubmed/28502528",0
"https://www.ncbi.nlm.nih.gov/pubmed/28502270",0
"https://www.ncbi.nlm.nih.gov/pubmed/28502265",0
"https://www.ncbi.nlm.nih.gov/pubmed/28502262",0
"https://www.ncbi.nlm.nih.gov/pubmed/28502251",0
"https://www.ncbi.nlm.nih.gov/pubmed/28502247",0
"https://www.ncbi.nlm.nih.gov/pubmed/28502243",0
"https://www.ncbi.nlm.nih.gov/pubmed/28502036",0
"https://www.ncbi.nlm.nih.gov/pubmed/28501740",0
"https://www.ncbi.nlm.nih.gov/pubmed/28501739",0
"https://www.ncbi.nlm.nih.gov/pubmed/28501738",0
"https://www.ncbi.nlm.nih.gov/pubmed/28501736",0
"https://www.ncbi.nlm.nih.gov/pubmed/28501733",0
"https://www.ncbi.nlm.nih.gov/pubmed/28501708",0
"https://www.ncbi.nlm.nih.gov/pubmed/28501706",0
"https://www.ncbi.nlm.nih.gov/pubmed/28501681",0
"https://www.ncbi.nlm.nih.gov/pubmed/28501680",0
"https://www.ncbi.nlm.nih.gov/pubmed/28501679",0
"https://www.ncbi.nlm.nih.gov/pubmed/28501651",0
"https://www.ncbi.nlm.nih.gov/pubmed/28501397",0
"https://www.ncbi.nlm.nih.gov/pubmed/28501369",0
"https://www.ncbi.nlm.nih.gov/pubmed/28501325",0
"https://www.ncbi.nlm.nih.gov/pubmed/28501174",0
"https://www.ncbi.nlm.nih.gov/pubmed/28501049",0
"https://www.ncbi.nlm.nih.gov/pubmed/28501041",0
"https://www.ncbi.nlm.nih.gov/pubmed/28500983",0
"https://www.ncbi.nlm.nih.gov/pubmed/28500982",0
"https://www.ncbi.nlm.nih.gov/pubmed/28500907",0
"https://www.ncbi.nlm.nih.gov/pubmed/28500901",0
"https://www.ncbi.nlm.nih.gov/pubmed/28500866",0
"https://www.ncbi.nlm.nih.gov/pubmed/28500855",0
"https://www.ncbi.nlm.nih.gov/pubmed/28500827",0
"https://www.ncbi.nlm.nih.gov/pubmed/28500643",0
"https://www.ncbi.nlm.nih.gov/pubmed/28500620",0
"https://www.ncbi.nlm.nih.gov/pubmed/28500571",0
"https://www.ncbi.nlm.nih.gov/pubmed/28500512",0
"https://www.ncbi.nlm.nih.gov/pubmed/28500432",0
"https://www.ncbi.nlm.nih.gov/pubmed/28500329",0
"https://www.ncbi.nlm.nih.gov/pubmed/28500224",0
"https://www.ncbi.nlm.nih.gov/pubmed/28499974",0
"https://www.ncbi.nlm.nih.gov/pubmed/28499915",0
"https://www.ncbi.nlm.nih.gov/pubmed/28499900",0
"https://www.ncbi.nlm.nih.gov/pubmed/28499899",0
"https://www.ncbi.nlm.nih.gov/pubmed/28499898",0
"https://www.ncbi.nlm.nih.gov/pubmed/28499838",0
"https://www.ncbi.nlm.nih.gov/pubmed/28499836",0
"https://www.ncbi.nlm.nih.gov/pubmed/28499788",0
"https://www.ncbi.nlm.nih.gov/pubmed/28499752",0
"https://www.ncbi.nlm.nih.gov/pubmed/28499716",0
"https://www.ncbi.nlm.nih.gov/pubmed/28499574",0
"https://www.ncbi.nlm.nih.gov/pubmed/28499570",0
"https://www.ncbi.nlm.nih.gov/pubmed/28499569",0
"https://www.ncbi.nlm.nih.gov/pubmed/28499568",0
"https://www.ncbi.nlm.nih.gov/pubmed/28499564",0
"https://www.ncbi.nlm.nih.gov/pubmed/28499538",0
"https://www.ncbi.nlm.nih.gov/pubmed/28499520",0
"https://www.ncbi.nlm.nih.gov/pubmed/28499513",0
"https://www.ncbi.nlm.nih.gov/pubmed/28499503",0
"https://www.ncbi.nlm.nih.gov/pubmed/28499376",0
"https://www.ncbi.nlm.nih.gov/pubmed/28499368",0
"https://www.ncbi.nlm.nih.gov/pubmed/28499319",0
"https://www.ncbi.nlm.nih.gov/pubmed/28499317",0
"https://www.ncbi.nlm.nih.gov/pubmed/28499312",0
"https://www.ncbi.nlm.nih.gov/pubmed/28499301",0
"https://www.ncbi.nlm.nih.gov/pubmed/28499272",0
"https://www.ncbi.nlm.nih.gov/pubmed/28499269",0
"https://www.ncbi.nlm.nih.gov/pubmed/28499211",0
"https://www.ncbi.nlm.nih.gov/pubmed/28499210",0
"https://www.ncbi.nlm.nih.gov/pubmed/28499209",0
"https://www.ncbi.nlm.nih.gov/pubmed/28499208",0
"https://www.ncbi.nlm.nih.gov/pubmed/28499187",0
"https://www.ncbi.nlm.nih.gov/pubmed/28499119",0
"https://www.ncbi.nlm.nih.gov/pubmed/28499084",0
"https://www.ncbi.nlm.nih.gov/pubmed/28499066",0
"https://www.ncbi.nlm.nih.gov/pubmed/28498865",0
"https://www.ncbi.nlm.nih.gov/pubmed/28498851",0
"https://www.ncbi.nlm.nih.gov/pubmed/28498792",0
"https://www.ncbi.nlm.nih.gov/pubmed/28498730",0
"https://www.ncbi.nlm.nih.gov/pubmed/28498615",0
"https://www.ncbi.nlm.nih.gov/pubmed/28498610",0
"https://www.ncbi.nlm.nih.gov/pubmed/28498599",0
"https://www.ncbi.nlm.nih.gov/pubmed/28498595",0
"https://www.ncbi.nlm.nih.gov/pubmed/28498581",0
"https://www.ncbi.nlm.nih.gov/pubmed/28498576",0
"https://www.ncbi.nlm.nih.gov/pubmed/28498573",0
"https://www.ncbi.nlm.nih.gov/pubmed/28498504",0
"https://www.ncbi.nlm.nih.gov/pubmed/28498421",0
"https://www.ncbi.nlm.nih.gov/pubmed/28498355",0
"https://www.ncbi.nlm.nih.gov/pubmed/28498321",0
"https://www.ncbi.nlm.nih.gov/pubmed/28498278",0
"https://www.ncbi.nlm.nih.gov/pubmed/28498162",0
"https://www.ncbi.nlm.nih.gov/pubmed/28498090",0
"https://www.ncbi.nlm.nih.gov/pubmed/28498088",0
"https://www.ncbi.nlm.nih.gov/pubmed/28498025",0
"https://www.ncbi.nlm.nih.gov/pubmed/28498014",0
"https://www.ncbi.nlm.nih.gov/pubmed/28498011",0
"https://www.ncbi.nlm.nih.gov/pubmed/28497920",0
"https://www.ncbi.nlm.nih.gov/pubmed/28497909",0
"https://www.ncbi.nlm.nih.gov/pubmed/28497802",0
"https://www.ncbi.nlm.nih.gov/pubmed/28497674",0
"https://www.ncbi.nlm.nih.gov/pubmed/28497489",0
"https://www.ncbi.nlm.nih.gov/pubmed/28497396",0
"https://www.ncbi.nlm.nih.gov/pubmed/28497380",0
"https://www.ncbi.nlm.nih.gov/pubmed/28497357",0
"https://www.ncbi.nlm.nih.gov/pubmed/28497126",0
"https://www.ncbi.nlm.nih.gov/pubmed/28497035",0
"https://www.ncbi.nlm.nih.gov/pubmed/28496988",0
"https://www.ncbi.nlm.nih.gov/pubmed/28496555",0
"https://www.ncbi.nlm.nih.gov/pubmed/28496552",0
"https://www.ncbi.nlm.nih.gov/pubmed/28496507",0
"https://www.ncbi.nlm.nih.gov/pubmed/28496498",0
"https://www.ncbi.nlm.nih.gov/pubmed/28496418",0
"https://www.ncbi.nlm.nih.gov/pubmed/28496402",0
"https://www.ncbi.nlm.nih.gov/pubmed/28496374",0
"https://www.ncbi.nlm.nih.gov/pubmed/28496365",0
"https://www.ncbi.nlm.nih.gov/pubmed/28496358",0
"https://www.ncbi.nlm.nih.gov/pubmed/28496356",0
"https://www.ncbi.nlm.nih.gov/pubmed/28496355",0
"https://www.ncbi.nlm.nih.gov/pubmed/28496354",0
"https://www.ncbi.nlm.nih.gov/pubmed/28496345",0
"https://www.ncbi.nlm.nih.gov/pubmed/28496327",0
"https://www.ncbi.nlm.nih.gov/pubmed/28496095",0
"https://www.ncbi.nlm.nih.gov/pubmed/28495975",0
"https://www.ncbi.nlm.nih.gov/pubmed/28495974",0
"https://www.ncbi.nlm.nih.gov/pubmed/28495610",0
"https://www.ncbi.nlm.nih.gov/pubmed/28495514",0
"https://www.ncbi.nlm.nih.gov/pubmed/28495492",0
"https://www.ncbi.nlm.nih.gov/pubmed/28495469",0
"https://www.ncbi.nlm.nih.gov/pubmed/28495217",0
"https://www.ncbi.nlm.nih.gov/pubmed/28495135",0
"https://www.ncbi.nlm.nih.gov/pubmed/28495051",0
"https://www.ncbi.nlm.nih.gov/pubmed/28494909",0
"https://www.ncbi.nlm.nih.gov/pubmed/28494904",0
"https://www.ncbi.nlm.nih.gov/pubmed/28494812",0
"https://www.ncbi.nlm.nih.gov/pubmed/28494802",0
"https://www.ncbi.nlm.nih.gov/pubmed/28494779",0
"https://www.ncbi.nlm.nih.gov/pubmed/28494753",0
"https://www.ncbi.nlm.nih.gov/pubmed/28494456",0
"https://www.ncbi.nlm.nih.gov/pubmed/28494391",0
"https://www.ncbi.nlm.nih.gov/pubmed/28494346",0
"https://www.ncbi.nlm.nih.gov/pubmed/28494345",0
"https://www.ncbi.nlm.nih.gov/pubmed/28494335",0
"https://www.ncbi.nlm.nih.gov/pubmed/28494225",0
"https://www.ncbi.nlm.nih.gov/pubmed/28494161",0
"https://www.ncbi.nlm.nih.gov/pubmed/28494123",0
"https://www.ncbi.nlm.nih.gov/pubmed/28494120",0
"https://www.ncbi.nlm.nih.gov/pubmed/28493946",0
"https://www.ncbi.nlm.nih.gov/pubmed/28493904",0
"https://www.ncbi.nlm.nih.gov/pubmed/28493898",0
"https://www.ncbi.nlm.nih.gov/pubmed/28493817",0
"https://www.ncbi.nlm.nih.gov/pubmed/28493735",0
"https://www.ncbi.nlm.nih.gov/pubmed/28493734",0
"https://www.ncbi.nlm.nih.gov/pubmed/28493729",0
"https://www.ncbi.nlm.nih.gov/pubmed/28493692",0
"https://www.ncbi.nlm.nih.gov/pubmed/28493659",0
"https://www.ncbi.nlm.nih.gov/pubmed/28493656",0
"https://www.ncbi.nlm.nih.gov/pubmed/28493655",0
"https://www.ncbi.nlm.nih.gov/pubmed/28493605",0
"https://www.ncbi.nlm.nih.gov/pubmed/28493561",0
"https://www.ncbi.nlm.nih.gov/pubmed/28493557",0
"https://www.ncbi.nlm.nih.gov/pubmed/28493551",0
"https://www.ncbi.nlm.nih.gov/pubmed/28493550",0
"https://www.ncbi.nlm.nih.gov/pubmed/28493489",0
"https://www.ncbi.nlm.nih.gov/pubmed/28493335",0
"https://www.ncbi.nlm.nih.gov/pubmed/28493329",0
"https://www.ncbi.nlm.nih.gov/pubmed/28493231",0
"https://www.ncbi.nlm.nih.gov/pubmed/28493151",0
"https://www.ncbi.nlm.nih.gov/pubmed/28493116",0
"https://www.ncbi.nlm.nih.gov/pubmed/28492960",0
"https://www.ncbi.nlm.nih.gov/pubmed/28492810",0
"https://www.ncbi.nlm.nih.gov/pubmed/28492755",0
"https://www.ncbi.nlm.nih.gov/pubmed/28492459",0
"https://www.ncbi.nlm.nih.gov/pubmed/28492455",0
"https://www.ncbi.nlm.nih.gov/pubmed/28492439",0
"https://www.ncbi.nlm.nih.gov/pubmed/28492394",0
"https://www.ncbi.nlm.nih.gov/pubmed/28492363",0
"https://www.ncbi.nlm.nih.gov/pubmed/28492279",0
"https://www.ncbi.nlm.nih.gov/pubmed/28492216",0
"https://www.ncbi.nlm.nih.gov/pubmed/28492147",0
"https://www.ncbi.nlm.nih.gov/pubmed/28491917",0
"https://www.ncbi.nlm.nih.gov/pubmed/28491901",0
"https://www.ncbi.nlm.nih.gov/pubmed/28491869",0
"https://www.ncbi.nlm.nih.gov/pubmed/28491849",0
"https://www.ncbi.nlm.nih.gov/pubmed/28491747",0
"https://www.ncbi.nlm.nih.gov/pubmed/28491480",0
"https://www.ncbi.nlm.nih.gov/pubmed/28491424",0
"https://www.ncbi.nlm.nih.gov/pubmed/28491314",0
"https://www.ncbi.nlm.nih.gov/pubmed/28491235",0
"https://www.ncbi.nlm.nih.gov/pubmed/28491042",0
"https://www.ncbi.nlm.nih.gov/pubmed/28491024",0
"https://www.ncbi.nlm.nih.gov/pubmed/28490992",0
"https://www.ncbi.nlm.nih.gov/pubmed/28490881",0
"https://www.ncbi.nlm.nih.gov/pubmed/28490870",0
"https://www.ncbi.nlm.nih.gov/pubmed/28490833",0
"https://www.ncbi.nlm.nih.gov/pubmed/28490460",0
"https://www.ncbi.nlm.nih.gov/pubmed/28490390",0
"https://www.ncbi.nlm.nih.gov/pubmed/28490357",0
"https://www.ncbi.nlm.nih.gov/pubmed/28490353",0
"https://www.ncbi.nlm.nih.gov/pubmed/28490349",0
"https://www.ncbi.nlm.nih.gov/pubmed/28490326",0
"https://www.ncbi.nlm.nih.gov/pubmed/28490284",0
"https://www.ncbi.nlm.nih.gov/pubmed/28490278",0
"https://www.ncbi.nlm.nih.gov/pubmed/28490207",0
"https://www.ncbi.nlm.nih.gov/pubmed/28490033",0
"https://www.ncbi.nlm.nih.gov/pubmed/28490031",0
"https://www.ncbi.nlm.nih.gov/pubmed/28490030",0
"https://www.ncbi.nlm.nih.gov/pubmed/28490029",0
"https://www.ncbi.nlm.nih.gov/pubmed/28490018",0
"https://www.ncbi.nlm.nih.gov/pubmed/28489959",0
"https://www.ncbi.nlm.nih.gov/pubmed/28489808",0
"https://www.ncbi.nlm.nih.gov/pubmed/28489782",0
"https://www.ncbi.nlm.nih.gov/pubmed/28489725",0
"https://www.ncbi.nlm.nih.gov/pubmed/28489724",0
"https://www.ncbi.nlm.nih.gov/pubmed/28489656",0
"https://www.ncbi.nlm.nih.gov/pubmed/28489621",0
"https://www.ncbi.nlm.nih.gov/pubmed/28489597",0
"https://www.ncbi.nlm.nih.gov/pubmed/28489570",0
"https://www.ncbi.nlm.nih.gov/pubmed/28489508",0
"https://www.ncbi.nlm.nih.gov/pubmed/28489327",0
"https://www.ncbi.nlm.nih.gov/pubmed/28489323",0
"https://www.ncbi.nlm.nih.gov/pubmed/28489319",0
"https://www.ncbi.nlm.nih.gov/pubmed/28489293",0
"https://www.ncbi.nlm.nih.gov/pubmed/28489142",0
"https://www.ncbi.nlm.nih.gov/pubmed/28489058",0
"https://www.ncbi.nlm.nih.gov/pubmed/28488990",0
"https://www.ncbi.nlm.nih.gov/pubmed/28488943",0
"https://www.ncbi.nlm.nih.gov/pubmed/28488917",0
"https://www.ncbi.nlm.nih.gov/pubmed/28488909",0
"https://www.ncbi.nlm.nih.gov/pubmed/28488899",0
"https://www.ncbi.nlm.nih.gov/pubmed/28488895",0
"https://www.ncbi.nlm.nih.gov/pubmed/28488886",0
"https://www.ncbi.nlm.nih.gov/pubmed/28488881",0
"https://www.ncbi.nlm.nih.gov/pubmed/28488873",0
"https://www.ncbi.nlm.nih.gov/pubmed/28488826",0
"https://www.ncbi.nlm.nih.gov/pubmed/28488825",0
"https://www.ncbi.nlm.nih.gov/pubmed/28488610",0
"https://www.ncbi.nlm.nih.gov/pubmed/28488590",0
"https://www.ncbi.nlm.nih.gov/pubmed/28488378",0
"https://www.ncbi.nlm.nih.gov/pubmed/28488329",0
"https://www.ncbi.nlm.nih.gov/pubmed/28488270",0
"https://www.ncbi.nlm.nih.gov/pubmed/28488261",0
"https://www.ncbi.nlm.nih.gov/pubmed/28488251",0
"https://www.ncbi.nlm.nih.gov/pubmed/28488207",0
"https://www.ncbi.nlm.nih.gov/pubmed/28488206",0
"https://www.ncbi.nlm.nih.gov/pubmed/28488160",0
"https://www.ncbi.nlm.nih.gov/pubmed/28488156",0
"https://www.ncbi.nlm.nih.gov/pubmed/28488099",0
"https://www.ncbi.nlm.nih.gov/pubmed/28487995",0
"https://www.ncbi.nlm.nih.gov/pubmed/28487875",0
"https://www.ncbi.nlm.nih.gov/pubmed/28487792",0
"https://www.ncbi.nlm.nih.gov/pubmed/28487746",0
"https://www.ncbi.nlm.nih.gov/pubmed/28487648",0
"https://www.ncbi.nlm.nih.gov/pubmed/28487510",0
"https://www.ncbi.nlm.nih.gov/pubmed/28487079",0
"https://www.ncbi.nlm.nih.gov/pubmed/28487076",0
"https://www.ncbi.nlm.nih.gov/pubmed/28487010",0
"https://www.ncbi.nlm.nih.gov/pubmed/28486990",0
"https://www.ncbi.nlm.nih.gov/pubmed/28486969",0
"https://www.ncbi.nlm.nih.gov/pubmed/28486966",0
"https://www.ncbi.nlm.nih.gov/pubmed/28486962",0
"https://www.ncbi.nlm.nih.gov/pubmed/28486880",0
"https://www.ncbi.nlm.nih.gov/pubmed/28486877",0
"https://www.ncbi.nlm.nih.gov/pubmed/28486872",0
"https://www.ncbi.nlm.nih.gov/pubmed/28486829",0
"https://www.ncbi.nlm.nih.gov/pubmed/28486717",0
"https://www.ncbi.nlm.nih.gov/pubmed/28486706",0
"https://www.ncbi.nlm.nih.gov/pubmed/28486680",0
"https://www.ncbi.nlm.nih.gov/pubmed/28486647",0
"https://www.ncbi.nlm.nih.gov/pubmed/28486643",0
"https://www.ncbi.nlm.nih.gov/pubmed/28486559",0
"https://www.ncbi.nlm.nih.gov/pubmed/28486506",0
"https://www.ncbi.nlm.nih.gov/pubmed/28486363",0
"https://www.ncbi.nlm.nih.gov/pubmed/28486345",0
"https://www.ncbi.nlm.nih.gov/pubmed/28486308",0
"https://www.ncbi.nlm.nih.gov/pubmed/28486239",0
"https://www.ncbi.nlm.nih.gov/pubmed/28486207",0
"https://www.ncbi.nlm.nih.gov/pubmed/28486177",0
"https://www.ncbi.nlm.nih.gov/pubmed/28486077",0
"https://www.ncbi.nlm.nih.gov/pubmed/28485899",0
"https://www.ncbi.nlm.nih.gov/pubmed/28485850",0
"https://www.ncbi.nlm.nih.gov/pubmed/28485844",0
"https://www.ncbi.nlm.nih.gov/pubmed/28485726",0
"https://www.ncbi.nlm.nih.gov/pubmed/28485725",0
"https://www.ncbi.nlm.nih.gov/pubmed/28485659",0
"https://www.ncbi.nlm.nih.gov/pubmed/28485636",0
"https://www.ncbi.nlm.nih.gov/pubmed/28485526",0
"https://www.ncbi.nlm.nih.gov/pubmed/28485516",0
"https://www.ncbi.nlm.nih.gov/pubmed/28485461",0
"https://www.ncbi.nlm.nih.gov/pubmed/28485459",0
"https://www.ncbi.nlm.nih.gov/pubmed/28485378",0
"https://www.ncbi.nlm.nih.gov/pubmed/28485316",0
"https://www.ncbi.nlm.nih.gov/pubmed/28485261",0
"https://www.ncbi.nlm.nih.gov/pubmed/28485153",0
"https://www.ncbi.nlm.nih.gov/pubmed/28485037",0
"https://www.ncbi.nlm.nih.gov/pubmed/28485032",0
"https://www.ncbi.nlm.nih.gov/pubmed/28484933",0
"https://www.ncbi.nlm.nih.gov/pubmed/28484915",0
"https://www.ncbi.nlm.nih.gov/pubmed/28484914",0
"https://www.ncbi.nlm.nih.gov/pubmed/28484888",0
"https://www.ncbi.nlm.nih.gov/pubmed/28484881",0
"https://www.ncbi.nlm.nih.gov/pubmed/28484821",0
"https://www.ncbi.nlm.nih.gov/pubmed/28484692",0
"https://www.ncbi.nlm.nih.gov/pubmed/28484660",0
"https://www.ncbi.nlm.nih.gov/pubmed/28484551",0
"https://www.ncbi.nlm.nih.gov/pubmed/28484405",0
"https://www.ncbi.nlm.nih.gov/pubmed/28484388",0
"https://www.ncbi.nlm.nih.gov/pubmed/28484349",0
"https://www.ncbi.nlm.nih.gov/pubmed/28484250",0
"https://www.ncbi.nlm.nih.gov/pubmed/28484122",0
"https://www.ncbi.nlm.nih.gov/pubmed/28484060",0
"https://www.ncbi.nlm.nih.gov/pubmed/28484012",0
"https://www.ncbi.nlm.nih.gov/pubmed/28483893",0
"https://www.ncbi.nlm.nih.gov/pubmed/28483742",0
"https://www.ncbi.nlm.nih.gov/pubmed/28483674",0
"https://www.ncbi.nlm.nih.gov/pubmed/28483660",0
"https://www.ncbi.nlm.nih.gov/pubmed/28483656",0
"https://www.ncbi.nlm.nih.gov/pubmed/28483653",0
"https://www.ncbi.nlm.nih.gov/pubmed/28483503",0
"https://www.ncbi.nlm.nih.gov/pubmed/28483500",0
"https://www.ncbi.nlm.nih.gov/pubmed/28483393",0
"https://www.ncbi.nlm.nih.gov/pubmed/28483271",0
"https://www.ncbi.nlm.nih.gov/pubmed/28483175",0
"https://www.ncbi.nlm.nih.gov/pubmed/28483102",0
"https://www.ncbi.nlm.nih.gov/pubmed/28483098",0
"https://www.ncbi.nlm.nih.gov/pubmed/28483090",0
"https://www.ncbi.nlm.nih.gov/pubmed/28483085",0
"https://www.ncbi.nlm.nih.gov/pubmed/28483076",0
"https://www.ncbi.nlm.nih.gov/pubmed/28483073",0
"https://www.ncbi.nlm.nih.gov/pubmed/28483070",0
"https://www.ncbi.nlm.nih.gov/pubmed/28483068",0
"https://www.ncbi.nlm.nih.gov/pubmed/28483022",0
"https://www.ncbi.nlm.nih.gov/pubmed/28483019",0
"https://www.ncbi.nlm.nih.gov/pubmed/28483009",0
"https://www.ncbi.nlm.nih.gov/pubmed/28482942",0
"https://www.ncbi.nlm.nih.gov/pubmed/28482927",0
"https://www.ncbi.nlm.nih.gov/pubmed/28482901",0
"https://www.ncbi.nlm.nih.gov/pubmed/28482887",0
"https://www.ncbi.nlm.nih.gov/pubmed/28482878",0
"https://www.ncbi.nlm.nih.gov/pubmed/28482849",0
"https://www.ncbi.nlm.nih.gov/pubmed/28482757",0
"https://www.ncbi.nlm.nih.gov/pubmed/28482687",0
"https://www.ncbi.nlm.nih.gov/pubmed/28482643",0
"https://www.ncbi.nlm.nih.gov/pubmed/28482311",0
"https://www.ncbi.nlm.nih.gov/pubmed/28482277",0
"https://www.ncbi.nlm.nih.gov/pubmed/28482212",0
"https://www.ncbi.nlm.nih.gov/pubmed/28482208",0
"https://www.ncbi.nlm.nih.gov/pubmed/28482194",0
"https://www.ncbi.nlm.nih.gov/pubmed/28482172",0
"https://www.ncbi.nlm.nih.gov/pubmed/28482104",0
"https://www.ncbi.nlm.nih.gov/pubmed/28482063",0
"https://www.ncbi.nlm.nih.gov/pubmed/28482013",0
"https://www.ncbi.nlm.nih.gov/pubmed/28482009",0
"https://www.ncbi.nlm.nih.gov/pubmed/28481912",0
"https://www.ncbi.nlm.nih.gov/pubmed/28481905",0
"https://www.ncbi.nlm.nih.gov/pubmed/28481893",0
"https://www.ncbi.nlm.nih.gov/pubmed/28481850",0
"https://www.ncbi.nlm.nih.gov/pubmed/28481836",0
"https://www.ncbi.nlm.nih.gov/pubmed/28481752",0
"https://www.ncbi.nlm.nih.gov/pubmed/28481606",0
"https://www.ncbi.nlm.nih.gov/pubmed/28481559",0
"https://www.ncbi.nlm.nih.gov/pubmed/28481178",0
"https://www.ncbi.nlm.nih.gov/pubmed/28481136",0
"https://www.ncbi.nlm.nih.gov/pubmed/28481055",0
"https://www.ncbi.nlm.nih.gov/pubmed/28481032",0
"https://www.ncbi.nlm.nih.gov/pubmed/28480974",0
"https://www.ncbi.nlm.nih.gov/pubmed/28480882",0
"https://www.ncbi.nlm.nih.gov/pubmed/28480859",0
"https://www.ncbi.nlm.nih.gov/pubmed/28480819",0
"https://www.ncbi.nlm.nih.gov/pubmed/28480811",0
"https://www.ncbi.nlm.nih.gov/pubmed/28480806",0
"https://www.ncbi.nlm.nih.gov/pubmed/28480799",0
"https://www.ncbi.nlm.nih.gov/pubmed/28480738",0
"https://www.ncbi.nlm.nih.gov/pubmed/28480684",0
"https://www.ncbi.nlm.nih.gov/pubmed/28480551",0
"https://www.ncbi.nlm.nih.gov/pubmed/28480523",0
"https://www.ncbi.nlm.nih.gov/pubmed/28480514",0
"https://www.ncbi.nlm.nih.gov/pubmed/28480513",0
"https://www.ncbi.nlm.nih.gov/pubmed/28480502",0
"https://www.ncbi.nlm.nih.gov/pubmed/28480486",0
"https://www.ncbi.nlm.nih.gov/pubmed/28480484",0
"https://www.ncbi.nlm.nih.gov/pubmed/28480483",0
"https://www.ncbi.nlm.nih.gov/pubmed/28480482",0
"https://www.ncbi.nlm.nih.gov/pubmed/28480425",0
"https://www.ncbi.nlm.nih.gov/pubmed/28480400",0
"https://www.ncbi.nlm.nih.gov/pubmed/28480336",0
"https://www.ncbi.nlm.nih.gov/pubmed/28480240",0
"https://www.ncbi.nlm.nih.gov/pubmed/28480203",0
"https://www.ncbi.nlm.nih.gov/pubmed/28480097",0
"https://www.ncbi.nlm.nih.gov/pubmed/28479962",0
"https://www.ncbi.nlm.nih.gov/pubmed/28479917",0
"https://www.ncbi.nlm.nih.gov/pubmed/28479901",0
"https://www.ncbi.nlm.nih.gov/pubmed/28479898",0
"https://www.ncbi.nlm.nih.gov/pubmed/28479896",0
"https://www.ncbi.nlm.nih.gov/pubmed/28479798",0
"https://www.ncbi.nlm.nih.gov/pubmed/28479792",0
"https://www.ncbi.nlm.nih.gov/pubmed/28479789",0
"https://www.ncbi.nlm.nih.gov/pubmed/28479531",0
"https://www.ncbi.nlm.nih.gov/pubmed/28479529",0
"https://www.ncbi.nlm.nih.gov/pubmed/28479414",0
"https://www.ncbi.nlm.nih.gov/pubmed/28479338",0
"https://www.ncbi.nlm.nih.gov/pubmed/28479263",0
"https://www.ncbi.nlm.nih.gov/pubmed/28479211",0
"https://www.ncbi.nlm.nih.gov/pubmed/28479153",0
"https://www.ncbi.nlm.nih.gov/pubmed/28478998",0
"https://www.ncbi.nlm.nih.gov/pubmed/28478959",0
"https://www.ncbi.nlm.nih.gov/pubmed/28478934",0
"https://www.ncbi.nlm.nih.gov/pubmed/28478839",0
"https://www.ncbi.nlm.nih.gov/pubmed/28478818",0
"https://www.ncbi.nlm.nih.gov/pubmed/28478814",0
"https://www.ncbi.nlm.nih.gov/pubmed/28478783",0
"https://www.ncbi.nlm.nih.gov/pubmed/28478778",0
"https://www.ncbi.nlm.nih.gov/pubmed/28478716",0
"https://www.ncbi.nlm.nih.gov/pubmed/28478713",0
"https://www.ncbi.nlm.nih.gov/pubmed/28478701",0
"https://www.ncbi.nlm.nih.gov/pubmed/28478693",0
"https://www.ncbi.nlm.nih.gov/pubmed/28478654",0
"https://www.ncbi.nlm.nih.gov/pubmed/28478653",0
"https://www.ncbi.nlm.nih.gov/pubmed/28478550",0
"https://www.ncbi.nlm.nih.gov/pubmed/28478358",0
"https://www.ncbi.nlm.nih.gov/pubmed/28478357",0
"https://www.ncbi.nlm.nih.gov/pubmed/28478356",0
"https://www.ncbi.nlm.nih.gov/pubmed/28478336",0
"https://www.ncbi.nlm.nih.gov/pubmed/28478138",0
"https://www.ncbi.nlm.nih.gov/pubmed/28478055",0
"https://www.ncbi.nlm.nih.gov/pubmed/28477970",0
"https://www.ncbi.nlm.nih.gov/pubmed/28477927",0
"https://www.ncbi.nlm.nih.gov/pubmed/28477898",0
"https://www.ncbi.nlm.nih.gov/pubmed/28477692",0
"https://www.ncbi.nlm.nih.gov/pubmed/28477656",0
"https://www.ncbi.nlm.nih.gov/pubmed/28477650",0
"https://www.ncbi.nlm.nih.gov/pubmed/28477649",0
"https://www.ncbi.nlm.nih.gov/pubmed/28477622",0
"https://www.ncbi.nlm.nih.gov/pubmed/28477547",0
"https://www.ncbi.nlm.nih.gov/pubmed/28477546",0
"https://www.ncbi.nlm.nih.gov/pubmed/28477545",0
"https://www.ncbi.nlm.nih.gov/pubmed/28477530",0
"https://www.ncbi.nlm.nih.gov/pubmed/28477506",0
"https://www.ncbi.nlm.nih.gov/pubmed/28477502",0
"https://www.ncbi.nlm.nih.gov/pubmed/28477499",0
"https://www.ncbi.nlm.nih.gov/pubmed/28477498",0
"https://www.ncbi.nlm.nih.gov/pubmed/28477497",0
"https://www.ncbi.nlm.nih.gov/pubmed/28477495",0
"https://www.ncbi.nlm.nih.gov/pubmed/28477493",0
"https://www.ncbi.nlm.nih.gov/pubmed/28477491",0
"https://www.ncbi.nlm.nih.gov/pubmed/28477476",0
"https://www.ncbi.nlm.nih.gov/pubmed/28477475",0
"https://www.ncbi.nlm.nih.gov/pubmed/28477436",0
"https://www.ncbi.nlm.nih.gov/pubmed/28477419",0
"https://www.ncbi.nlm.nih.gov/pubmed/28477377",0
"https://www.ncbi.nlm.nih.gov/pubmed/28477315",0
"https://www.ncbi.nlm.nih.gov/pubmed/28477228",0
"https://www.ncbi.nlm.nih.gov/pubmed/28477202",0
"https://www.ncbi.nlm.nih.gov/pubmed/28477071",0
"https://www.ncbi.nlm.nih.gov/pubmed/28476947",0
"https://www.ncbi.nlm.nih.gov/pubmed/28476920",0
"https://www.ncbi.nlm.nih.gov/pubmed/28476878",0
"https://www.ncbi.nlm.nih.gov/pubmed/28476839",0
"https://www.ncbi.nlm.nih.gov/pubmed/28476642",0
"https://www.ncbi.nlm.nih.gov/pubmed/28476583",0
"https://www.ncbi.nlm.nih.gov/pubmed/28476522",0
"https://www.ncbi.nlm.nih.gov/pubmed/28476516",0
"https://www.ncbi.nlm.nih.gov/pubmed/28476428",0
"https://www.ncbi.nlm.nih.gov/pubmed/28476427",0
"https://www.ncbi.nlm.nih.gov/pubmed/28476404",0
"https://www.ncbi.nlm.nih.gov/pubmed/28476275",0
"https://www.ncbi.nlm.nih.gov/pubmed/28476213",0
"https://www.ncbi.nlm.nih.gov/pubmed/28476208",0
"https://www.ncbi.nlm.nih.gov/pubmed/28476207",0
"https://www.ncbi.nlm.nih.gov/pubmed/28476163",0
"https://www.ncbi.nlm.nih.gov/pubmed/28476149",0
"https://www.ncbi.nlm.nih.gov/pubmed/28476148",0
"https://www.ncbi.nlm.nih.gov/pubmed/28476136",0
"https://www.ncbi.nlm.nih.gov/pubmed/28476059",0
"https://www.ncbi.nlm.nih.gov/pubmed/28476012",0
"https://www.ncbi.nlm.nih.gov/pubmed/28475961",0
"https://www.ncbi.nlm.nih.gov/pubmed/28475723",0
"https://www.ncbi.nlm.nih.gov/pubmed/28475689",0
"https://www.ncbi.nlm.nih.gov/pubmed/28475675",0
"https://www.ncbi.nlm.nih.gov/pubmed/28475603",0
"https://www.ncbi.nlm.nih.gov/pubmed/28475504",0
"https://www.ncbi.nlm.nih.gov/pubmed/28475503",0
"https://www.ncbi.nlm.nih.gov/pubmed/28475471",0
"https://www.ncbi.nlm.nih.gov/pubmed/28475351",0
"https://www.ncbi.nlm.nih.gov/pubmed/28475233",0
"https://www.ncbi.nlm.nih.gov/pubmed/28475222",0
"https://www.ncbi.nlm.nih.gov/pubmed/28475220",0
"https://www.ncbi.nlm.nih.gov/pubmed/28474997",0
"https://www.ncbi.nlm.nih.gov/pubmed/28474774",0
"https://www.ncbi.nlm.nih.gov/pubmed/28474733",0
"https://www.ncbi.nlm.nih.gov/pubmed/28474618",0
"https://www.ncbi.nlm.nih.gov/pubmed/28474429",0
"https://www.ncbi.nlm.nih.gov/pubmed/28474392",0
"https://www.ncbi.nlm.nih.gov/pubmed/28474366",0
"https://www.ncbi.nlm.nih.gov/pubmed/28474231",0
"https://www.ncbi.nlm.nih.gov/pubmed/28474141",0
"https://www.ncbi.nlm.nih.gov/pubmed/28474052",0
"https://www.ncbi.nlm.nih.gov/pubmed/28474049",0
"https://www.ncbi.nlm.nih.gov/pubmed/28474000",0
"https://www.ncbi.nlm.nih.gov/pubmed/28473968",0
"https://www.ncbi.nlm.nih.gov/pubmed/28473892",0
"https://www.ncbi.nlm.nih.gov/pubmed/28473889",0
"https://www.ncbi.nlm.nih.gov/pubmed/28473783",0
"https://www.ncbi.nlm.nih.gov/pubmed/28473765",0
"https://www.ncbi.nlm.nih.gov/pubmed/28473714",0
"https://www.ncbi.nlm.nih.gov/pubmed/28473645",0
"https://www.ncbi.nlm.nih.gov/pubmed/28473521",0
"https://www.ncbi.nlm.nih.gov/pubmed/28473513",0
"https://www.ncbi.nlm.nih.gov/pubmed/28473506",0
"https://www.ncbi.nlm.nih.gov/pubmed/28473182",0
"https://www.ncbi.nlm.nih.gov/pubmed/28473031",0
"https://www.ncbi.nlm.nih.gov/pubmed/28472977",0
"https://www.ncbi.nlm.nih.gov/pubmed/28472964",0
"https://www.ncbi.nlm.nih.gov/pubmed/28472936",0
"https://www.ncbi.nlm.nih.gov/pubmed/28472933",0
"https://www.ncbi.nlm.nih.gov/pubmed/28472901",0
"https://www.ncbi.nlm.nih.gov/pubmed/28472899",0
"https://www.ncbi.nlm.nih.gov/pubmed/28472893",0
"https://www.ncbi.nlm.nih.gov/pubmed/28472859",0
"https://www.ncbi.nlm.nih.gov/pubmed/28472703",0
"https://www.ncbi.nlm.nih.gov/pubmed/28472702",0
"https://www.ncbi.nlm.nih.gov/pubmed/28472701",0
"https://www.ncbi.nlm.nih.gov/pubmed/28472666",0
"https://www.ncbi.nlm.nih.gov/pubmed/28472631",0
"https://www.ncbi.nlm.nih.gov/pubmed/28472601",0
"https://www.ncbi.nlm.nih.gov/pubmed/28472556",0
"https://www.ncbi.nlm.nih.gov/pubmed/28472548",0
"https://www.ncbi.nlm.nih.gov/pubmed/28472500",0
"https://www.ncbi.nlm.nih.gov/pubmed/28472443",0
"https://www.ncbi.nlm.nih.gov/pubmed/28472425",0
"https://www.ncbi.nlm.nih.gov/pubmed/28472407",0
"https://www.ncbi.nlm.nih.gov/pubmed/28472400",0
"https://www.ncbi.nlm.nih.gov/pubmed/28472322",0
"https://www.ncbi.nlm.nih.gov/pubmed/28472232",0
"https://www.ncbi.nlm.nih.gov/pubmed/28472198",0
"https://www.ncbi.nlm.nih.gov/pubmed/28472090",0
"https://www.ncbi.nlm.nih.gov/pubmed/28472082",0
"https://www.ncbi.nlm.nih.gov/pubmed/28472056",0
"https://www.ncbi.nlm.nih.gov/pubmed/28471951",0
"https://www.ncbi.nlm.nih.gov/pubmed/28471947",0
"https://www.ncbi.nlm.nih.gov/pubmed/28471926",0
"https://www.ncbi.nlm.nih.gov/pubmed/28471882",0
"https://www.ncbi.nlm.nih.gov/pubmed/28471772",0
"https://www.ncbi.nlm.nih.gov/pubmed/28471771",0
"https://www.ncbi.nlm.nih.gov/pubmed/28471509",0
"https://www.ncbi.nlm.nih.gov/pubmed/28471488",0
"https://www.ncbi.nlm.nih.gov/pubmed/28471479",0
"https://www.ncbi.nlm.nih.gov/pubmed/28471305",0
"https://www.ncbi.nlm.nih.gov/pubmed/28471281",0
"https://www.ncbi.nlm.nih.gov/pubmed/28471254",0
"https://www.ncbi.nlm.nih.gov/pubmed/28471250",0
"https://www.ncbi.nlm.nih.gov/pubmed/28471243",0
"https://www.ncbi.nlm.nih.gov/pubmed/28471213",0
"https://www.ncbi.nlm.nih.gov/pubmed/28471212",0
"https://www.ncbi.nlm.nih.gov/pubmed/28471096",0
"https://www.ncbi.nlm.nih.gov/pubmed/28470969",0
"https://www.ncbi.nlm.nih.gov/pubmed/28470928",0
"https://www.ncbi.nlm.nih.gov/pubmed/28470927",0
"https://www.ncbi.nlm.nih.gov/pubmed/28470892",0
"https://www.ncbi.nlm.nih.gov/pubmed/28470748",0
"https://www.ncbi.nlm.nih.gov/pubmed/28470633",0
"https://www.ncbi.nlm.nih.gov/pubmed/28470549",0
"https://www.ncbi.nlm.nih.gov/pubmed/28470547",0
"https://www.ncbi.nlm.nih.gov/pubmed/28470468",0
"https://www.ncbi.nlm.nih.gov/pubmed/28470399",0
"https://www.ncbi.nlm.nih.gov/pubmed/28470222",0
"https://www.ncbi.nlm.nih.gov/pubmed/28470153",0
"https://www.ncbi.nlm.nih.gov/pubmed/28470111",0
"https://www.ncbi.nlm.nih.gov/pubmed/28470102",0
"https://www.ncbi.nlm.nih.gov/pubmed/28469987",0
"https://www.ncbi.nlm.nih.gov/pubmed/28469914",0
"https://www.ncbi.nlm.nih.gov/pubmed/28469875",0
"https://www.ncbi.nlm.nih.gov/pubmed/28469865",0
"https://www.ncbi.nlm.nih.gov/pubmed/28469817",0
"https://www.ncbi.nlm.nih.gov/pubmed/28469730",0
"https://www.ncbi.nlm.nih.gov/pubmed/28469702",0
"https://www.ncbi.nlm.nih.gov/pubmed/28469590",0
"https://www.ncbi.nlm.nih.gov/pubmed/28469589",0
"https://www.ncbi.nlm.nih.gov/pubmed/28469586",0
"https://www.ncbi.nlm.nih.gov/pubmed/28469582",0
"https://www.ncbi.nlm.nih.gov/pubmed/28469558",0
"https://www.ncbi.nlm.nih.gov/pubmed/28469557",0
"https://www.ncbi.nlm.nih.gov/pubmed/28469551",0
"https://www.ncbi.nlm.nih.gov/pubmed/28469495",0
"https://www.ncbi.nlm.nih.gov/pubmed/28469423",0
"https://www.ncbi.nlm.nih.gov/pubmed/28469403",0
"https://www.ncbi.nlm.nih.gov/pubmed/28469357",0
"https://www.ncbi.nlm.nih.gov/pubmed/28469194",0
"https://www.ncbi.nlm.nih.gov/pubmed/28469157",0
"https://www.ncbi.nlm.nih.gov/pubmed/28469132",0
"https://www.ncbi.nlm.nih.gov/pubmed/28469046",0
"https://www.ncbi.nlm.nih.gov/pubmed/28468975",0
"https://www.ncbi.nlm.nih.gov/pubmed/28468749",0
"https://www.ncbi.nlm.nih.gov/pubmed/28468681",0
"https://www.ncbi.nlm.nih.gov/pubmed/28468655",0
"https://www.ncbi.nlm.nih.gov/pubmed/28468642",0
