"PdfName"	"UpdateCheck"
"https://www.ncbi.nlm.nih.gov/pubmed/27823854"	1
"https://www.ncbi.nlm.nih.gov/pubmed/26877131"	1
"https://www.ncbi.nlm.nih.gov/pubmed/26877130"	1
"https://www.ncbi.nlm.nih.gov/pubmed/26877129"	1
"https://www.ncbi.nlm.nih.gov/pubmed/26663379"	1
"https://www.ncbi.nlm.nih.gov/pubmed/26369836"	1
"https://www.ncbi.nlm.nih.gov/pubmed/26105138"	1
"https://www.ncbi.nlm.nih.gov/pubmed/25816797"	1
"https://www.ncbi.nlm.nih.gov/pubmed/25143607"	1
"https://www.ncbi.nlm.nih.gov/pubmed/25058320"	1
"https://www.ncbi.nlm.nih.gov/pubmed/24095880"	1
"https://www.ncbi.nlm.nih.gov/pubmed/23127296"	1
"https://www.ncbi.nlm.nih.gov/pubmed/22390706"	1
"https://www.ncbi.nlm.nih.gov/pubmed/22097669"	1
"https://www.ncbi.nlm.nih.gov/pubmed/19230621"	1
"https://www.ncbi.nlm.nih.gov/pubmed/17554005"	1
"https://www.ncbi.nlm.nih.gov/pubmed/27888468"	1
"https://www.ncbi.nlm.nih.gov/pubmed/27826998"	1
"https://www.ncbi.nlm.nih.gov/pubmed/27580969"	1
"https://www.ncbi.nlm.nih.gov/pubmed/27441458"	1
"https://www.ncbi.nlm.nih.gov/pubmed/28140478"	1
"https://www.ncbi.nlm.nih.gov/pubmed/28137661"	1
"https://www.ncbi.nlm.nih.gov/pubmed/28135757"	1
"https://www.ncbi.nlm.nih.gov/pubmed/28113085"	1
"https://www.ncbi.nlm.nih.gov/pubmed/28109668"	1
"https://www.ncbi.nlm.nih.gov/pubmed/28096873"	1
"https://www.ncbi.nlm.nih.gov/pubmed/28088744"	1
"https://www.ncbi.nlm.nih.gov/pubmed/28080076"	1
"https://www.ncbi.nlm.nih.gov/pubmed/28064281"	1
"https://www.ncbi.nlm.nih.gov/pubmed/28060209"	1
"https://www.ncbi.nlm.nih.gov/pubmed/10836681"	0
"https://www.ncbi.nlm.nih.gov/pubmed/10838681"	0
"https://www.ncbi.nlm.nih.gov/pubmed/10846191"	0
"https://www.ncbi.nlm.nih.gov/pubmed/10846926"	0
"https://www.ncbi.nlm.nih.gov/pubmed/10857396"	0
"https://www.ncbi.nlm.nih.gov/pubmed/10868984"	0
"https://www.ncbi.nlm.nih.gov/pubmed/10881971"	0
"https://www.ncbi.nlm.nih.gov/pubmed/10948482"	0
"https://www.ncbi.nlm.nih.gov/pubmed/10953936"	0
"https://www.ncbi.nlm.nih.gov/pubmed/10967774"	0
"https://www.ncbi.nlm.nih.gov/pubmed/11005218"	0
"https://www.ncbi.nlm.nih.gov/pubmed/11016557"	0
"https://www.ncbi.nlm.nih.gov/pubmed/11037084"	0
"https://www.ncbi.nlm.nih.gov/pubmed/11037104"	0
"https://www.ncbi.nlm.nih.gov/pubmed/11041399"	0
"https://www.ncbi.nlm.nih.gov/pubmed/11044706"	0
"https://www.ncbi.nlm.nih.gov/pubmed/11053757"	0
"https://www.ncbi.nlm.nih.gov/pubmed/11061676"	0
"https://www.ncbi.nlm.nih.gov/pubmed/11063953"	0
"https://www.ncbi.nlm.nih.gov/pubmed/11064223"	0
"https://www.ncbi.nlm.nih.gov/pubmed/11075628"	0
"https://www.ncbi.nlm.nih.gov/pubmed/11079272"	0
"https://www.ncbi.nlm.nih.gov/pubmed/11086558"	0
"https://www.ncbi.nlm.nih.gov/pubmed/11087064"	0
"https://www.ncbi.nlm.nih.gov/pubmed/11090741"	0
"https://www.ncbi.nlm.nih.gov/pubmed/11103102"	0
"https://www.ncbi.nlm.nih.gov/pubmed/11112921"	0
"https://www.ncbi.nlm.nih.gov/pubmed/11114221"	0
"https://www.ncbi.nlm.nih.gov/pubmed/11128174"	0
"https://www.ncbi.nlm.nih.gov/pubmed/11153831"	0
"https://www.ncbi.nlm.nih.gov/pubmed/11165348"	1
"https://www.ncbi.nlm.nih.gov/pubmed/11166494"	0
"https://www.ncbi.nlm.nih.gov/pubmed/11180575"	1
"https://www.ncbi.nlm.nih.gov/pubmed/11196011"	0
"https://www.ncbi.nlm.nih.gov/pubmed/11203745"	0
"https://www.ncbi.nlm.nih.gov/pubmed/11212183"	0
"https://www.ncbi.nlm.nih.gov/pubmed/11225683"	0
"https://www.ncbi.nlm.nih.gov/pubmed/11225693"	0
"https://www.ncbi.nlm.nih.gov/pubmed/11239698"	0
"https://www.ncbi.nlm.nih.gov/pubmed/11244146"	0
"https://www.ncbi.nlm.nih.gov/pubmed/11246288"	0
"https://www.ncbi.nlm.nih.gov/pubmed/11260485"	0
"https://www.ncbi.nlm.nih.gov/pubmed/11268232"	0
"https://www.ncbi.nlm.nih.gov/pubmed/11271757"	0
"https://www.ncbi.nlm.nih.gov/pubmed/11285575"	1
"https://www.ncbi.nlm.nih.gov/pubmed/11316717"	0
"https://www.ncbi.nlm.nih.gov/pubmed/11326398"	0
"https://www.ncbi.nlm.nih.gov/pubmed/11333005"	0
"https://www.ncbi.nlm.nih.gov/pubmed/11338070"	0
"https://www.ncbi.nlm.nih.gov/pubmed/11338757"	0
"https://www.ncbi.nlm.nih.gov/pubmed/11339342"	0
"https://www.ncbi.nlm.nih.gov/pubmed/11373423"	0
"https://www.ncbi.nlm.nih.gov/pubmed/11383968"	0
"https://www.ncbi.nlm.nih.gov/pubmed/11407271"	0
"https://www.ncbi.nlm.nih.gov/pubmed/11418967"	0
"https://www.ncbi.nlm.nih.gov/pubmed/11431223"	0
"https://www.ncbi.nlm.nih.gov/pubmed/11446241"	0
"https://www.ncbi.nlm.nih.gov/pubmed/11459252"	0
"https://www.ncbi.nlm.nih.gov/pubmed/11465781"	0
"https://www.ncbi.nlm.nih.gov/pubmed/11469156"	0
"https://www.ncbi.nlm.nih.gov/pubmed/11469164"	0
"https://www.ncbi.nlm.nih.gov/pubmed/11481591"	0
"https://www.ncbi.nlm.nih.gov/pubmed/11476657"	0
"https://www.ncbi.nlm.nih.gov/pubmed/11509071"	0
"https://www.ncbi.nlm.nih.gov/pubmed/11511309"	0
"https://www.ncbi.nlm.nih.gov/pubmed/11516346"	0
"https://www.ncbi.nlm.nih.gov/pubmed/11530304"	0
"https://www.ncbi.nlm.nih.gov/pubmed/11532736"	0
"https://www.ncbi.nlm.nih.gov/pubmed/11556626"	0
"https://www.ncbi.nlm.nih.gov/pubmed/11583457"	0
"https://www.ncbi.nlm.nih.gov/pubmed/11594645"	0
"https://www.ncbi.nlm.nih.gov/pubmed/11675229"	0
"https://www.ncbi.nlm.nih.gov/pubmed/11708386"	0
"https://www.ncbi.nlm.nih.gov/pubmed/11708684"	0
"https://www.ncbi.nlm.nih.gov/pubmed/11769977"	0
"https://www.ncbi.nlm.nih.gov/pubmed/11778352"	0
"https://www.ncbi.nlm.nih.gov/pubmed/11786786"	0
"https://www.ncbi.nlm.nih.gov/pubmed/11794577"	0
"https://www.ncbi.nlm.nih.gov/pubmed/11821495"	0
"https://www.ncbi.nlm.nih.gov/pubmed/11826245"	0
"https://www.ncbi.nlm.nih.gov/pubmed/11844894"	0
"https://www.ncbi.nlm.nih.gov/pubmed/11846340"	0
"https://www.ncbi.nlm.nih.gov/pubmed/11851074"	0
"https://www.ncbi.nlm.nih.gov/pubmed/11855045"	0
"https://www.ncbi.nlm.nih.gov/pubmed/11860162"	0
"https://www.ncbi.nlm.nih.gov/pubmed/11863239"	0
"https://www.ncbi.nlm.nih.gov/pubmed/11867036"	0
"https://www.ncbi.nlm.nih.gov/pubmed/11869763"	0
"https://www.ncbi.nlm.nih.gov/pubmed/11902599"	0
"https://www.ncbi.nlm.nih.gov/pubmed/11904856"	0
"https://www.ncbi.nlm.nih.gov/pubmed/11926079"	0
"https://www.ncbi.nlm.nih.gov/pubmed/11928299"	0
"https://www.ncbi.nlm.nih.gov/pubmed/11949197"	0
"https://www.ncbi.nlm.nih.gov/pubmed/11953930"	0
"https://www.ncbi.nlm.nih.gov/pubmed/11992209"	0
"https://www.ncbi.nlm.nih.gov/pubmed/12022773"	0
"https://www.ncbi.nlm.nih.gov/pubmed/12029416"	0
"https://www.ncbi.nlm.nih.gov/pubmed/12034577"	0
"https://www.ncbi.nlm.nih.gov/pubmed/12046673"	0
"https://www.ncbi.nlm.nih.gov/pubmed/12063660"	0
"https://www.ncbi.nlm.nih.gov/pubmed/12064092"	0
"https://www.ncbi.nlm.nih.gov/pubmed/12089930"	0
"https://www.ncbi.nlm.nih.gov/pubmed/12096163"	0
"https://www.ncbi.nlm.nih.gov/pubmed/12144139"	0
"https://www.ncbi.nlm.nih.gov/pubmed/12150651"	0
"https://www.ncbi.nlm.nih.gov/pubmed/12165164"	0
"https://www.ncbi.nlm.nih.gov/pubmed/12169149"	0
"https://www.ncbi.nlm.nih.gov/pubmed/12171214"	0
"https://www.ncbi.nlm.nih.gov/pubmed/12177083"	0
"https://www.ncbi.nlm.nih.gov/pubmed/12200506"	0
"https://www.ncbi.nlm.nih.gov/pubmed/12204984"	0
"https://www.ncbi.nlm.nih.gov/pubmed/12213032"	0
"https://www.ncbi.nlm.nih.gov/pubmed/12214440"	0
"https://www.ncbi.nlm.nih.gov/pubmed/12207109"	0
"https://www.ncbi.nlm.nih.gov/pubmed/12207110"	0
"https://www.ncbi.nlm.nih.gov/pubmed/12221156"	0
"https://www.ncbi.nlm.nih.gov/pubmed/12359814"	0
"https://www.ncbi.nlm.nih.gov/pubmed/12365755"	0
"https://www.ncbi.nlm.nih.gov/pubmed/12373808"	0
"https://www.ncbi.nlm.nih.gov/pubmed/12386542"	0
"https://www.ncbi.nlm.nih.gov/pubmed/12387188"	0
"https://www.ncbi.nlm.nih.gov/pubmed/12392484"	0
"https://www.ncbi.nlm.nih.gov/pubmed/12397901"	0
"https://www.ncbi.nlm.nih.gov/pubmed/12405482"	0
"https://www.ncbi.nlm.nih.gov/pubmed/12405895"	0
"https://www.ncbi.nlm.nih.gov/pubmed/12428776"	0
"https://www.ncbi.nlm.nih.gov/pubmed/12435553"	0
"https://www.ncbi.nlm.nih.gov/pubmed/12451304"	0
"https://www.ncbi.nlm.nih.gov/pubmed/12467182"	0
"https://www.ncbi.nlm.nih.gov/pubmed/12480425"	0
"https://www.ncbi.nlm.nih.gov/pubmed/12487717"	0
"https://www.ncbi.nlm.nih.gov/pubmed/12490177"	0
"https://www.ncbi.nlm.nih.gov/pubmed/12506263"	0
"https://www.ncbi.nlm.nih.gov/pubmed/12507535"	0
"https://www.ncbi.nlm.nih.gov/pubmed/12508336"	0
"https://www.ncbi.nlm.nih.gov/pubmed/12534664"	0
"https://www.ncbi.nlm.nih.gov/pubmed/12540717"	0
"https://www.ncbi.nlm.nih.gov/pubmed/12542432"	0
"https://www.ncbi.nlm.nih.gov/pubmed/12545237"	0
"https://www.ncbi.nlm.nih.gov/pubmed/12570973"	0
"https://www.ncbi.nlm.nih.gov/pubmed/12571658"	0
"https://www.ncbi.nlm.nih.gov/pubmed/12587857"	0
"https://www.ncbi.nlm.nih.gov/pubmed/12588430"	0
"https://www.ncbi.nlm.nih.gov/pubmed/12602658"	0
"https://www.ncbi.nlm.nih.gov/pubmed/12614833"	0
"https://www.ncbi.nlm.nih.gov/pubmed/12621592"	0
"https://www.ncbi.nlm.nih.gov/pubmed/12624608"	0
"https://www.ncbi.nlm.nih.gov/pubmed/12664231"	0
"https://www.ncbi.nlm.nih.gov/pubmed/12684580"	0
"https://www.ncbi.nlm.nih.gov/pubmed/12695314"	0
"https://www.ncbi.nlm.nih.gov/pubmed/12703175"	0
"https://www.ncbi.nlm.nih.gov/pubmed/12703410"	0
"https://www.ncbi.nlm.nih.gov/pubmed/12707716"	0
"https://www.ncbi.nlm.nih.gov/pubmed/12715598"	0
"https://www.ncbi.nlm.nih.gov/pubmed/12718680"	0
"https://www.ncbi.nlm.nih.gov/pubmed/12745316"	0
"https://www.ncbi.nlm.nih.gov/pubmed/12775292"	0
"https://www.ncbi.nlm.nih.gov/pubmed/12780364"	0
"https://www.ncbi.nlm.nih.gov/pubmed/12785414"	0
"https://www.ncbi.nlm.nih.gov/pubmed/12785473"	0
"https://www.ncbi.nlm.nih.gov/pubmed/12785475"	0
"https://www.ncbi.nlm.nih.gov/pubmed/12799606"	0
"https://www.ncbi.nlm.nih.gov/pubmed/12818612"	0
"https://www.ncbi.nlm.nih.gov/pubmed/12828401"	0
"https://www.ncbi.nlm.nih.gov/pubmed/19127708"	0
"https://www.ncbi.nlm.nih.gov/pubmed/12881027"	0
"https://www.ncbi.nlm.nih.gov/pubmed/12882418"	0
"https://www.ncbi.nlm.nih.gov/pubmed/12908670"	0
"https://www.ncbi.nlm.nih.gov/pubmed/12914894"	0
"https://www.ncbi.nlm.nih.gov/pubmed/12942359"	0
"https://www.ncbi.nlm.nih.gov/pubmed/12942888"	0
"https://www.ncbi.nlm.nih.gov/pubmed/12954911"	0
"https://www.ncbi.nlm.nih.gov/pubmed/12954949"	0
"https://www.ncbi.nlm.nih.gov/pubmed/12971094"	0
"https://www.ncbi.nlm.nih.gov/pubmed/14510097"	0
"https://www.ncbi.nlm.nih.gov/pubmed/14510098"	0
"https://www.ncbi.nlm.nih.gov/pubmed/14525604"	0
"https://www.ncbi.nlm.nih.gov/pubmed/14581024"	0
"https://www.ncbi.nlm.nih.gov/pubmed/14582310"	0
"https://www.ncbi.nlm.nih.gov/pubmed/14582311"	0
"https://www.ncbi.nlm.nih.gov/pubmed/14584637"	0
"https://www.ncbi.nlm.nih.gov/pubmed/14584639"	0
"https://www.ncbi.nlm.nih.gov/pubmed/14593849"	0
"https://www.ncbi.nlm.nih.gov/pubmed/14594750"	0
"https://www.ncbi.nlm.nih.gov/pubmed/14604624"	0
"https://www.ncbi.nlm.nih.gov/pubmed/14614338"	0
"https://www.ncbi.nlm.nih.gov/pubmed/14618761"	0
"https://www.ncbi.nlm.nih.gov/pubmed/14628182"	0
"https://www.ncbi.nlm.nih.gov/pubmed/14645028"	0
"https://www.ncbi.nlm.nih.gov/pubmed/14645430"	0
"https://www.ncbi.nlm.nih.gov/pubmed/14649853"	0
"https://www.ncbi.nlm.nih.gov/pubmed/14650673"	0
"https://www.ncbi.nlm.nih.gov/pubmed/14674876"	0
"https://www.ncbi.nlm.nih.gov/pubmed/14674957"	0
"https://www.ncbi.nlm.nih.gov/pubmed/14703325"	0
"https://www.ncbi.nlm.nih.gov/pubmed/14713139"	0
"https://www.ncbi.nlm.nih.gov/pubmed/14723415"	0
"https://www.ncbi.nlm.nih.gov/pubmed/14750270"	0
"https://www.ncbi.nlm.nih.gov/pubmed/14750493"	0
"https://www.ncbi.nlm.nih.gov/pubmed/14759697"	0
"https://www.ncbi.nlm.nih.gov/pubmed/14756606"	0
"https://www.ncbi.nlm.nih.gov/pubmed/14767149"	0
"https://www.ncbi.nlm.nih.gov/pubmed/14975779"	0
"https://www.ncbi.nlm.nih.gov/pubmed/14979218"	0
"https://www.ncbi.nlm.nih.gov/pubmed/14979220"	0
"https://www.ncbi.nlm.nih.gov/pubmed/14982139"	0
"https://www.ncbi.nlm.nih.gov/pubmed/15023490"	0
"https://www.ncbi.nlm.nih.gov/pubmed/15028192"	0
"https://www.ncbi.nlm.nih.gov/pubmed/15051563"	0
"https://www.ncbi.nlm.nih.gov/pubmed/15072658"	0
"https://www.ncbi.nlm.nih.gov/pubmed/15082740"	0
"https://www.ncbi.nlm.nih.gov/pubmed/15102131"	0
"https://www.ncbi.nlm.nih.gov/pubmed/15115361"	0
"https://www.ncbi.nlm.nih.gov/pubmed/15120921"	0
"https://www.ncbi.nlm.nih.gov/pubmed/15123493"	0
"https://www.ncbi.nlm.nih.gov/pubmed/15126888"	0
"https://www.ncbi.nlm.nih.gov/pubmed/15129034"	0
"https://www.ncbi.nlm.nih.gov/pubmed/15137280"	0
"https://www.ncbi.nlm.nih.gov/pubmed/15144515"	0
"https://www.ncbi.nlm.nih.gov/pubmed/15154901"	0
"https://www.ncbi.nlm.nih.gov/pubmed/15156845"	0
"https://www.ncbi.nlm.nih.gov/pubmed/15170770"	0
"https://www.ncbi.nlm.nih.gov/pubmed/15190810"	0
"https://www.ncbi.nlm.nih.gov/pubmed/15200798"	0
"https://www.ncbi.nlm.nih.gov/pubmed/15203465"	0
"https://www.ncbi.nlm.nih.gov/pubmed/15204178"	0
"https://www.ncbi.nlm.nih.gov/pubmed/15207936"	0
"https://www.ncbi.nlm.nih.gov/pubmed/15217197"	0
"https://www.ncbi.nlm.nih.gov/pubmed/15248823"	0
"https://www.ncbi.nlm.nih.gov/pubmed/15251051"	0
"https://www.ncbi.nlm.nih.gov/pubmed/15254845"	0
"https://www.ncbi.nlm.nih.gov/pubmed/15275798"	0
"https://www.ncbi.nlm.nih.gov/pubmed/15293387"	0
"https://www.ncbi.nlm.nih.gov/pubmed/15314335"	0
"https://www.ncbi.nlm.nih.gov/pubmed/15370024"	0
"https://www.ncbi.nlm.nih.gov/pubmed/15382990"	0
"https://www.ncbi.nlm.nih.gov/pubmed/15385701"	0
"https://www.ncbi.nlm.nih.gov/pubmed/15446355"	0
"https://www.ncbi.nlm.nih.gov/pubmed/15448294"	0
"https://www.ncbi.nlm.nih.gov/pubmed/15457109"	0
"https://www.ncbi.nlm.nih.gov/pubmed/15457848"	0
"https://www.ncbi.nlm.nih.gov/pubmed/15458559"	0
"https://www.ncbi.nlm.nih.gov/pubmed/15462541"	0
"https://www.ncbi.nlm.nih.gov/pubmed/15477434"	0
"https://www.ncbi.nlm.nih.gov/pubmed/15483311"	0
"https://www.ncbi.nlm.nih.gov/pubmed/15486170"	0
"https://www.ncbi.nlm.nih.gov/pubmed/15487539"	0
"https://www.ncbi.nlm.nih.gov/pubmed/15491233"	0
"https://www.ncbi.nlm.nih.gov/pubmed/15503838"	0
"https://www.ncbi.nlm.nih.gov/pubmed/15516466"	0
"https://www.ncbi.nlm.nih.gov/pubmed/15521832"	0
"https://www.ncbi.nlm.nih.gov/pubmed/15533082"	0
"https://www.ncbi.nlm.nih.gov/pubmed/15544668"	0
"https://www.ncbi.nlm.nih.gov/pubmed/15563703"	0
"https://www.ncbi.nlm.nih.gov/pubmed/15583506"	0
"https://www.ncbi.nlm.nih.gov/pubmed/15602707"	0
"https://www.ncbi.nlm.nih.gov/pubmed/15619050"	0
"https://www.ncbi.nlm.nih.gov/pubmed/15619051"	0
"https://www.ncbi.nlm.nih.gov/pubmed/15644145"	0
"https://www.ncbi.nlm.nih.gov/pubmed/15654273"	0
"https://www.ncbi.nlm.nih.gov/pubmed/15659137"	0
"https://www.ncbi.nlm.nih.gov/pubmed/15662358"	0
"https://www.ncbi.nlm.nih.gov/pubmed/15694216"	0
"https://www.ncbi.nlm.nih.gov/pubmed/15707201"	0
"https://www.ncbi.nlm.nih.gov/pubmed/15707502"	0
"https://www.ncbi.nlm.nih.gov/pubmed/15714189"	0
"https://www.ncbi.nlm.nih.gov/pubmed/15715699"	0
"https://www.ncbi.nlm.nih.gov/pubmed/15725361"	0
"https://www.ncbi.nlm.nih.gov/pubmed/15727409"	0
"https://www.ncbi.nlm.nih.gov/pubmed/15734224"	0
"https://www.ncbi.nlm.nih.gov/pubmed/15734225"	0
"https://www.ncbi.nlm.nih.gov/pubmed/15754521"	0
"https://www.ncbi.nlm.nih.gov/pubmed/15759588"	0
"https://www.ncbi.nlm.nih.gov/pubmed/15759909"	0
"https://www.ncbi.nlm.nih.gov/pubmed/15761106"	0
"https://www.ncbi.nlm.nih.gov/pubmed/15777418"	0
"https://www.ncbi.nlm.nih.gov/pubmed/15784785"	0
"https://www.ncbi.nlm.nih.gov/pubmed/15784923"	0
"https://www.ncbi.nlm.nih.gov/pubmed/15789315"	0
"https://www.ncbi.nlm.nih.gov/pubmed/15793371"	0
"https://www.ncbi.nlm.nih.gov/pubmed/15818077"	0
"https://www.ncbi.nlm.nih.gov/pubmed/15820791"	0
"https://www.ncbi.nlm.nih.gov/pubmed/15830899"	0
"https://www.ncbi.nlm.nih.gov/pubmed/15834262"	0
"https://www.ncbi.nlm.nih.gov/pubmed/15857188"	0
"https://www.ncbi.nlm.nih.gov/pubmed/15857442"	0
"https://www.ncbi.nlm.nih.gov/pubmed/15860077"	0
"https://www.ncbi.nlm.nih.gov/pubmed/15863806"	0
"https://www.ncbi.nlm.nih.gov/pubmed/15865475"	0
"https://www.ncbi.nlm.nih.gov/pubmed/15867108"	0
"https://www.ncbi.nlm.nih.gov/pubmed/15875601"	0
"https://www.ncbi.nlm.nih.gov/pubmed/15877768"	0
"https://www.ncbi.nlm.nih.gov/pubmed/15899315"	0
"https://www.ncbi.nlm.nih.gov/pubmed/15909394"	0
"https://www.ncbi.nlm.nih.gov/pubmed/15930227"	0
"https://www.ncbi.nlm.nih.gov/pubmed/15947119"	0
"https://www.ncbi.nlm.nih.gov/pubmed/15951580"	0
"https://www.ncbi.nlm.nih.gov/pubmed/15955714"	0
"https://www.ncbi.nlm.nih.gov/pubmed/15959597"	0
"https://www.ncbi.nlm.nih.gov/pubmed/15967391"	0
"https://www.ncbi.nlm.nih.gov/pubmed/15972275"	0
"https://www.ncbi.nlm.nih.gov/pubmed/15985321"	0
"https://www.ncbi.nlm.nih.gov/pubmed/15994339"	0
"https://www.ncbi.nlm.nih.gov/pubmed/15994725"	0
"https://www.ncbi.nlm.nih.gov/pubmed/16002198"	0
"https://www.ncbi.nlm.nih.gov/pubmed/16004066"	0
"https://www.ncbi.nlm.nih.gov/pubmed/16014657"	0
"https://www.ncbi.nlm.nih.gov/pubmed/16026212"	0
"https://www.ncbi.nlm.nih.gov/pubmed/16026567"	0
"https://www.ncbi.nlm.nih.gov/pubmed/16034282"	0
"https://www.ncbi.nlm.nih.gov/pubmed/16036241"	0
"https://www.ncbi.nlm.nih.gov/pubmed/16055809"	0
"https://www.ncbi.nlm.nih.gov/pubmed/16086804"	0
"https://www.ncbi.nlm.nih.gov/pubmed/16088371"	0
"https://www.ncbi.nlm.nih.gov/pubmed/16092644"	0
"https://www.ncbi.nlm.nih.gov/pubmed/16092913"	0
"https://www.ncbi.nlm.nih.gov/pubmed/16093518"	0
"https://www.ncbi.nlm.nih.gov/pubmed/16093519"	0
"https://www.ncbi.nlm.nih.gov/pubmed/16096192"	0
"https://www.ncbi.nlm.nih.gov/pubmed/16098648"	0
"https://www.ncbi.nlm.nih.gov/pubmed/16102147"	0
"https://www.ncbi.nlm.nih.gov/pubmed/16113590"	0
"https://www.ncbi.nlm.nih.gov/pubmed/16117580"	0
"https://www.ncbi.nlm.nih.gov/pubmed/16119222"	0
"https://www.ncbi.nlm.nih.gov/pubmed/16119574"	0
"https://www.ncbi.nlm.nih.gov/pubmed/16124457"	0
"https://www.ncbi.nlm.nih.gov/pubmed/16126821"	0
"https://www.ncbi.nlm.nih.gov/pubmed/16128797"	0
"https://www.ncbi.nlm.nih.gov/pubmed/16140594"	0
"https://www.ncbi.nlm.nih.gov/pubmed/16149070"	0
"https://www.ncbi.nlm.nih.gov/pubmed/16150668"	0
"https://www.ncbi.nlm.nih.gov/pubmed/16167504"	0
"https://www.ncbi.nlm.nih.gov/pubmed/16168950"	0
"https://www.ncbi.nlm.nih.gov/pubmed/16169453"	0
"https://www.ncbi.nlm.nih.gov/pubmed/16173912"	0
"https://www.ncbi.nlm.nih.gov/pubmed/16187773"	0
"https://www.ncbi.nlm.nih.gov/pubmed/16187777"	0
"https://www.ncbi.nlm.nih.gov/pubmed/16195533"	0
"https://www.ncbi.nlm.nih.gov/pubmed/16208507"	0
"https://www.ncbi.nlm.nih.gov/pubmed/16215656"	0
"https://www.ncbi.nlm.nih.gov/pubmed/16216482"	0
"https://www.ncbi.nlm.nih.gov/pubmed/16221023"	0
"https://www.ncbi.nlm.nih.gov/pubmed/16229122"	0
"https://www.ncbi.nlm.nih.gov/pubmed/16238213"	0
"https://www.ncbi.nlm.nih.gov/pubmed/16267635"	0
"https://www.ncbi.nlm.nih.gov/pubmed/16275637"	0
"https://www.ncbi.nlm.nih.gov/pubmed/16281207"	0
"https://www.ncbi.nlm.nih.gov/pubmed/16281237"	0
"https://www.ncbi.nlm.nih.gov/pubmed/16287396"	0
"https://www.ncbi.nlm.nih.gov/pubmed/16288135"	0
"https://www.ncbi.nlm.nih.gov/pubmed/16288846"	0
"https://www.ncbi.nlm.nih.gov/pubmed/16299426"	0
"https://www.ncbi.nlm.nih.gov/pubmed/16313428"	0
"https://www.ncbi.nlm.nih.gov/pubmed/16319706"	0
"https://www.ncbi.nlm.nih.gov/pubmed/16319709"	0
"https://www.ncbi.nlm.nih.gov/pubmed/16324898"	0
"https://www.ncbi.nlm.nih.gov/pubmed/16325854"	0
"https://www.ncbi.nlm.nih.gov/pubmed/16333833"	0
"https://www.ncbi.nlm.nih.gov/pubmed/16358823"	0
"https://www.ncbi.nlm.nih.gov/pubmed/16360456"	0
"https://www.ncbi.nlm.nih.gov/pubmed/16366399"	0
"https://www.ncbi.nlm.nih.gov/pubmed/16382333"	0
"https://www.ncbi.nlm.nih.gov/pubmed/16398577"	0
"https://www.ncbi.nlm.nih.gov/pubmed/16420713"	0
"https://www.ncbi.nlm.nih.gov/pubmed/16448472"	0
"https://www.ncbi.nlm.nih.gov/pubmed/16449747"	0
"https://www.ncbi.nlm.nih.gov/pubmed/16458633"	0
"https://www.ncbi.nlm.nih.gov/pubmed/16476135"	0
"https://www.ncbi.nlm.nih.gov/pubmed/16492231"	0
"https://www.ncbi.nlm.nih.gov/pubmed/16497864"	0
"https://www.ncbi.nlm.nih.gov/pubmed/16508026"	0
"https://www.ncbi.nlm.nih.gov/pubmed/16512511"	0
"https://www.ncbi.nlm.nih.gov/pubmed/16522531"	0
"https://www.ncbi.nlm.nih.gov/pubmed/16524623"	0
"https://www.ncbi.nlm.nih.gov/pubmed/16529915"	0
"https://www.ncbi.nlm.nih.gov/pubmed/16531301"	0
"https://www.ncbi.nlm.nih.gov/pubmed/16544567"	0
"https://www.ncbi.nlm.nih.gov/pubmed/16567656"	0
"https://www.ncbi.nlm.nih.gov/pubmed/16572273"	0
"https://www.ncbi.nlm.nih.gov/pubmed/16579329"	0
"https://www.ncbi.nlm.nih.gov/pubmed/16585145"	0
"https://www.ncbi.nlm.nih.gov/pubmed/16594401"	0
"https://www.ncbi.nlm.nih.gov/pubmed/16595324"	0
"https://www.ncbi.nlm.nih.gov/pubmed/16599350"	0
"https://www.ncbi.nlm.nih.gov/pubmed/16602427"	0
"https://www.ncbi.nlm.nih.gov/pubmed/16612135"	0
"https://www.ncbi.nlm.nih.gov/pubmed/16618693"	0
"https://www.ncbi.nlm.nih.gov/pubmed/16620318"	0
"https://www.ncbi.nlm.nih.gov/pubmed/16622841"	0
"https://www.ncbi.nlm.nih.gov/pubmed/16635648"	0
"https://www.ncbi.nlm.nih.gov/pubmed/16651331"	0
"https://www.ncbi.nlm.nih.gov/pubmed/16678983"	0
"https://www.ncbi.nlm.nih.gov/pubmed/16699459"	0
"https://www.ncbi.nlm.nih.gov/pubmed/16699837"	0
"https://www.ncbi.nlm.nih.gov/pubmed/16713629"	0
"https://www.ncbi.nlm.nih.gov/pubmed/16713932"	0
"https://www.ncbi.nlm.nih.gov/pubmed/16739043"	0
"https://www.ncbi.nlm.nih.gov/pubmed/16757460"	0
"https://www.ncbi.nlm.nih.gov/pubmed/16758484"	0
"https://www.ncbi.nlm.nih.gov/pubmed/16768735"	0
"https://www.ncbi.nlm.nih.gov/pubmed/16774455"	0
"https://www.ncbi.nlm.nih.gov/pubmed/16779804"	0
"https://www.ncbi.nlm.nih.gov/pubmed/16783498"	0
"https://www.ncbi.nlm.nih.gov/pubmed/16786815"	0
"https://www.ncbi.nlm.nih.gov/pubmed/16806219"	0
"https://www.ncbi.nlm.nih.gov/pubmed/16817666"	0
"https://www.ncbi.nlm.nih.gov/pubmed/16821506"	0
"https://www.ncbi.nlm.nih.gov/pubmed/16827413"	0
"https://www.ncbi.nlm.nih.gov/pubmed/16831519"	0
"https://www.ncbi.nlm.nih.gov/pubmed/16836478"	0
"https://www.ncbi.nlm.nih.gov/pubmed/16841183"	0
"https://www.ncbi.nlm.nih.gov/pubmed/16841339"	0
"https://www.ncbi.nlm.nih.gov/pubmed/16847909"	0
"https://www.ncbi.nlm.nih.gov/pubmed/16854253"	0
"https://www.ncbi.nlm.nih.gov/pubmed/16862538"	0
"https://www.ncbi.nlm.nih.gov/pubmed/16868274"	0
"https://www.ncbi.nlm.nih.gov/pubmed/16869979"	0
"https://www.ncbi.nlm.nih.gov/pubmed/16871100"	0
"https://www.ncbi.nlm.nih.gov/pubmed/16876683"	0
"https://www.ncbi.nlm.nih.gov/pubmed/16879706"	0
"https://www.ncbi.nlm.nih.gov/pubmed/16887246"	0
"https://www.ncbi.nlm.nih.gov/pubmed/16891567"	0
"https://www.ncbi.nlm.nih.gov/pubmed/16891599"	0
"https://www.ncbi.nlm.nih.gov/pubmed/16891600"	0
"https://www.ncbi.nlm.nih.gov/pubmed/16904024"	0
"https://www.ncbi.nlm.nih.gov/pubmed/16910800"	0
"https://www.ncbi.nlm.nih.gov/pubmed/16916072"	0
"https://www.ncbi.nlm.nih.gov/pubmed/16919319"	0
"https://www.ncbi.nlm.nih.gov/pubmed/16919336"	0
"https://www.ncbi.nlm.nih.gov/pubmed/16929456"	0
"https://www.ncbi.nlm.nih.gov/pubmed/16938791"	0
"https://www.ncbi.nlm.nih.gov/pubmed/16940246"	0
"https://www.ncbi.nlm.nih.gov/pubmed/16947001"	0
"https://www.ncbi.nlm.nih.gov/pubmed/16953001"	0
"https://www.ncbi.nlm.nih.gov/pubmed/16983054"	0
"https://www.ncbi.nlm.nih.gov/pubmed/17036844"	0
"https://www.ncbi.nlm.nih.gov/pubmed/17047892"	0
"https://www.ncbi.nlm.nih.gov/pubmed/17050221"	0
"https://www.ncbi.nlm.nih.gov/pubmed/17061161"	0
"https://www.ncbi.nlm.nih.gov/pubmed/17064832"	0
"https://www.ncbi.nlm.nih.gov/pubmed/17066314"	0
"https://www.ncbi.nlm.nih.gov/pubmed/17066775"	0
"https://www.ncbi.nlm.nih.gov/pubmed/17084905"	0
"https://www.ncbi.nlm.nih.gov/pubmed/17099116"	0
"https://www.ncbi.nlm.nih.gov/pubmed/17111591"	0
"https://www.ncbi.nlm.nih.gov/pubmed/17129305"	0
"https://www.ncbi.nlm.nih.gov/pubmed/17129651"	0
"https://www.ncbi.nlm.nih.gov/pubmed/17138909"	0
"https://www.ncbi.nlm.nih.gov/pubmed/17138927"	0
"https://www.ncbi.nlm.nih.gov/pubmed/17149033"	0
"https://www.ncbi.nlm.nih.gov/pubmed/17149519"	0
"https://www.ncbi.nlm.nih.gov/pubmed/17157389"	0
"https://www.ncbi.nlm.nih.gov/pubmed/17160358"	0
"https://www.ncbi.nlm.nih.gov/pubmed/17162241"	0
"https://www.ncbi.nlm.nih.gov/pubmed/17165368"	0
"https://www.ncbi.nlm.nih.gov/pubmed/17171447"	0
"https://www.ncbi.nlm.nih.gov/pubmed/17182071"	0
"https://www.ncbi.nlm.nih.gov/pubmed/17182443"	0
"https://www.ncbi.nlm.nih.gov/pubmed/17182971"	0
"https://www.ncbi.nlm.nih.gov/pubmed/19341017"	0
"https://www.ncbi.nlm.nih.gov/pubmed/20664129"	0
"https://www.ncbi.nlm.nih.gov/pubmed/17195732"	0
"https://www.ncbi.nlm.nih.gov/pubmed/17197842"	0
"https://www.ncbi.nlm.nih.gov/pubmed/17202546"	0
"https://www.ncbi.nlm.nih.gov/pubmed/17214448"	0
"https://www.ncbi.nlm.nih.gov/pubmed/17219079"	0
"https://www.ncbi.nlm.nih.gov/pubmed/17223630"	0
"https://www.ncbi.nlm.nih.gov/pubmed/17239232"	0
"https://www.ncbi.nlm.nih.gov/pubmed/17241494"	0
"https://www.ncbi.nlm.nih.gov/pubmed/17242384"	0
"https://www.ncbi.nlm.nih.gov/pubmed/17251640"	0
"https://www.ncbi.nlm.nih.gov/pubmed/17257726"	0
"https://www.ncbi.nlm.nih.gov/pubmed/17259052"	0
"https://www.ncbi.nlm.nih.gov/pubmed/17274991"	0
"https://www.ncbi.nlm.nih.gov/pubmed/17275198"	0
"https://www.ncbi.nlm.nih.gov/pubmed/17284941"	0
"https://www.ncbi.nlm.nih.gov/pubmed/17289821"	0
"https://www.ncbi.nlm.nih.gov/pubmed/17291319"	0
"https://www.ncbi.nlm.nih.gov/pubmed/17291589"	0
"https://www.ncbi.nlm.nih.gov/pubmed/17300558"	0
"https://www.ncbi.nlm.nih.gov/pubmed/17306747"	0
"https://www.ncbi.nlm.nih.gov/pubmed/17336943"	0
"https://www.ncbi.nlm.nih.gov/pubmed/17339617"	0
"https://www.ncbi.nlm.nih.gov/pubmed/17345648"	0
"https://www.ncbi.nlm.nih.gov/pubmed/17346382"	0
"https://www.ncbi.nlm.nih.gov/pubmed/17346384"	0
"https://www.ncbi.nlm.nih.gov/pubmed/17370156"	0
"https://www.ncbi.nlm.nih.gov/pubmed/17371115"	0
"https://www.ncbi.nlm.nih.gov/pubmed/17395838"	0
"https://www.ncbi.nlm.nih.gov/pubmed/17401056"	0
"https://www.ncbi.nlm.nih.gov/pubmed/17405700"	0
"https://www.ncbi.nlm.nih.gov/pubmed/17407557"	0
"https://www.ncbi.nlm.nih.gov/pubmed/17413813"	0
"https://www.ncbi.nlm.nih.gov/pubmed/17430450"	0
"https://www.ncbi.nlm.nih.gov/pubmed/17432488"	0
"https://www.ncbi.nlm.nih.gov/pubmed/17435929"	0
"https://www.ncbi.nlm.nih.gov/pubmed/17444289"	0
"https://www.ncbi.nlm.nih.gov/pubmed/17449157"	0
"https://www.ncbi.nlm.nih.gov/pubmed/17450451"	0
"https://www.ncbi.nlm.nih.gov/pubmed/17454012"	0
"https://www.ncbi.nlm.nih.gov/pubmed/17454922"	0
"https://www.ncbi.nlm.nih.gov/pubmed/17457290"	0
"https://www.ncbi.nlm.nih.gov/pubmed/17459181"	0
"https://www.ncbi.nlm.nih.gov/pubmed/17470221"	0
"https://www.ncbi.nlm.nih.gov/pubmed/17471542"	0
"https://www.ncbi.nlm.nih.gov/pubmed/17473077"	0
"https://www.ncbi.nlm.nih.gov/pubmed/17478592"	0
"https://www.ncbi.nlm.nih.gov/pubmed/17481760"	0
"https://www.ncbi.nlm.nih.gov/pubmed/17482369"	0
"https://www.ncbi.nlm.nih.gov/pubmed/17484783"	0
"https://www.ncbi.nlm.nih.gov/pubmed/17486464"	0
"https://www.ncbi.nlm.nih.gov/pubmed/17500605"	0
"https://www.ncbi.nlm.nih.gov/pubmed/17508314"	0
"https://www.ncbi.nlm.nih.gov/pubmed/17517126"	0
"https://www.ncbi.nlm.nih.gov/pubmed/17531192"	0
"https://www.ncbi.nlm.nih.gov/pubmed/17535467"	0
"https://www.ncbi.nlm.nih.gov/pubmed/17535541"	0
"https://www.ncbi.nlm.nih.gov/pubmed/17541975"	0
"https://www.ncbi.nlm.nih.gov/pubmed/17555662"	0
"https://www.ncbi.nlm.nih.gov/pubmed/17565143"	0
"https://www.ncbi.nlm.nih.gov/pubmed/17566439"	0
"https://www.ncbi.nlm.nih.gov/pubmed/17567687"	0
"https://www.ncbi.nlm.nih.gov/pubmed/17582023"	0
"https://www.ncbi.nlm.nih.gov/pubmed/17589756"	0
"https://www.ncbi.nlm.nih.gov/pubmed/17597588"	0
"https://www.ncbi.nlm.nih.gov/pubmed/17605564"	0
"https://www.ncbi.nlm.nih.gov/pubmed/17605627"	0
"https://www.ncbi.nlm.nih.gov/pubmed/17606158"	0
"https://www.ncbi.nlm.nih.gov/pubmed/17608817"	0
"https://www.ncbi.nlm.nih.gov/pubmed/17641933"	0
"https://www.ncbi.nlm.nih.gov/pubmed/17653845"	0
"https://www.ncbi.nlm.nih.gov/pubmed/17653940"	0
"https://www.ncbi.nlm.nih.gov/pubmed/17675648"	0
"https://www.ncbi.nlm.nih.gov/pubmed/17676439"	0
"https://www.ncbi.nlm.nih.gov/pubmed/17685987"	0
"https://www.ncbi.nlm.nih.gov/pubmed/17698041"	0
"https://www.ncbi.nlm.nih.gov/pubmed/17706375"	0
"https://www.ncbi.nlm.nih.gov/pubmed/17706887"	0
"https://www.ncbi.nlm.nih.gov/pubmed/17707293"	0
"https://www.ncbi.nlm.nih.gov/pubmed/17710785"	0
"https://www.ncbi.nlm.nih.gov/pubmed/17716818"	0
"https://www.ncbi.nlm.nih.gov/pubmed/17718875"	0
"https://www.ncbi.nlm.nih.gov/pubmed/17726415"	0
"https://www.ncbi.nlm.nih.gov/pubmed/17804477"	0
"https://www.ncbi.nlm.nih.gov/pubmed/17845281"	0
"https://www.ncbi.nlm.nih.gov/pubmed/17886497"	0
"https://www.ncbi.nlm.nih.gov/pubmed/17889734"	0
"https://www.ncbi.nlm.nih.gov/pubmed/17890411"	0
"https://www.ncbi.nlm.nih.gov/pubmed/17893936"	0
"https://www.ncbi.nlm.nih.gov/pubmed/17899531"	0
"https://www.ncbi.nlm.nih.gov/pubmed/17901431"	0
"https://www.ncbi.nlm.nih.gov/pubmed/17901996"	0
"https://www.ncbi.nlm.nih.gov/pubmed/17903049"	0
"https://www.ncbi.nlm.nih.gov/pubmed/17911576"	0
"https://www.ncbi.nlm.nih.gov/pubmed/17914008"	0
"https://www.ncbi.nlm.nih.gov/pubmed/17923901"	0
"https://www.ncbi.nlm.nih.gov/pubmed/17932958"	0
"https://www.ncbi.nlm.nih.gov/pubmed/17949875"	0
"https://www.ncbi.nlm.nih.gov/pubmed/17955545"	0
"https://www.ncbi.nlm.nih.gov/pubmed/17958078"	0
"https://www.ncbi.nlm.nih.gov/pubmed/17958280"	0
"https://www.ncbi.nlm.nih.gov/pubmed/17963436"	0
"https://www.ncbi.nlm.nih.gov/pubmed/19129931"	0
"https://www.ncbi.nlm.nih.gov/pubmed/17980975"	0
"https://www.ncbi.nlm.nih.gov/pubmed/17987718"	0
"https://www.ncbi.nlm.nih.gov/pubmed/17996069"	0
"https://www.ncbi.nlm.nih.gov/pubmed/18005935"	0
"https://www.ncbi.nlm.nih.gov/pubmed/18022684"	0
"https://www.ncbi.nlm.nih.gov/pubmed/18023871"	0
"https://www.ncbi.nlm.nih.gov/pubmed/18033149"	0
"https://www.ncbi.nlm.nih.gov/pubmed/18047159"	0
"https://www.ncbi.nlm.nih.gov/pubmed/18050789"	0
"https://www.ncbi.nlm.nih.gov/pubmed/18070259"	0
"https://www.ncbi.nlm.nih.gov/pubmed/18070997"	0
"https://www.ncbi.nlm.nih.gov/pubmed/18076714"	0
"https://www.ncbi.nlm.nih.gov/pubmed/18081614"	0
"https://www.ncbi.nlm.nih.gov/pubmed/18090377"	0
"https://www.ncbi.nlm.nih.gov/pubmed/18091003"	0
"https://www.ncbi.nlm.nih.gov/pubmed/18155819"	0
"https://www.ncbi.nlm.nih.gov/pubmed/18156960"	0
"https://www.ncbi.nlm.nih.gov/pubmed/18157890"	0
"https://www.ncbi.nlm.nih.gov/pubmed/18158005"	0
"https://www.ncbi.nlm.nih.gov/pubmed/19266869"	0
"https://www.ncbi.nlm.nih.gov/pubmed/19842320"	0
"https://www.ncbi.nlm.nih.gov/pubmed/18165895"	0
"https://www.ncbi.nlm.nih.gov/pubmed/18167417"	0
"https://www.ncbi.nlm.nih.gov/pubmed/18176727"	0
"https://www.ncbi.nlm.nih.gov/pubmed/18177989"	0
"https://www.ncbi.nlm.nih.gov/pubmed/18178168"	0
"https://www.ncbi.nlm.nih.gov/pubmed/18191779"	0
"https://www.ncbi.nlm.nih.gov/pubmed/18195314"	0
"https://www.ncbi.nlm.nih.gov/pubmed/18195640"	0
"https://www.ncbi.nlm.nih.gov/pubmed/18206346"	0
"https://www.ncbi.nlm.nih.gov/pubmed/18216342"	0
"https://www.ncbi.nlm.nih.gov/pubmed/18216471"	0
"https://www.ncbi.nlm.nih.gov/pubmed/18224544"	0
"https://www.ncbi.nlm.nih.gov/pubmed/18230013"	0
"https://www.ncbi.nlm.nih.gov/pubmed/18230164"	0
"https://www.ncbi.nlm.nih.gov/pubmed/18247195"	0
"https://www.ncbi.nlm.nih.gov/pubmed/18250257"	0
"https://www.ncbi.nlm.nih.gov/pubmed/18251326"	0
"https://www.ncbi.nlm.nih.gov/pubmed/18253959"	0
"https://www.ncbi.nlm.nih.gov/pubmed/18261247"	0
"https://www.ncbi.nlm.nih.gov/pubmed/18266543"	0
"https://www.ncbi.nlm.nih.gov/pubmed/18279286"	0
"https://www.ncbi.nlm.nih.gov/pubmed/18279986"	0
"https://www.ncbi.nlm.nih.gov/pubmed/18293460"	0
"https://www.ncbi.nlm.nih.gov/pubmed/18299167"	0
"https://www.ncbi.nlm.nih.gov/pubmed/18301941"	0
"https://www.ncbi.nlm.nih.gov/pubmed/18317991"	0
"https://www.ncbi.nlm.nih.gov/pubmed/18330776"	0
"https://www.ncbi.nlm.nih.gov/pubmed/18346666"	0
"https://www.ncbi.nlm.nih.gov/pubmed/18351491"	0
"https://www.ncbi.nlm.nih.gov/pubmed/18364362"	0
"https://www.ncbi.nlm.nih.gov/pubmed/18367471"	0
"https://www.ncbi.nlm.nih.gov/pubmed/18377116"	0
"https://www.ncbi.nlm.nih.gov/pubmed/18377495"	0
"https://www.ncbi.nlm.nih.gov/pubmed/18384228"	0
"https://www.ncbi.nlm.nih.gov/pubmed/18388115"	0
"https://www.ncbi.nlm.nih.gov/pubmed/18390842"	0
"https://www.ncbi.nlm.nih.gov/pubmed/18394784"	0
"https://www.ncbi.nlm.nih.gov/pubmed/18394860"	0
"https://www.ncbi.nlm.nih.gov/pubmed/18400696"	0
"https://www.ncbi.nlm.nih.gov/pubmed/18410640"	0
"https://www.ncbi.nlm.nih.gov/pubmed/18423099"	0
"https://www.ncbi.nlm.nih.gov/pubmed/18429838"	0
"https://www.ncbi.nlm.nih.gov/pubmed/18433474"	0
"https://www.ncbi.nlm.nih.gov/pubmed/18437339"	0
"https://www.ncbi.nlm.nih.gov/pubmed/18437435"	0
"https://www.ncbi.nlm.nih.gov/pubmed/18438734"	0
"https://www.ncbi.nlm.nih.gov/pubmed/18440773"	0
"https://www.ncbi.nlm.nih.gov/pubmed/18452443"	0
"https://www.ncbi.nlm.nih.gov/pubmed/18454851"	0
"https://www.ncbi.nlm.nih.gov/pubmed/18373005"	0
"https://www.ncbi.nlm.nih.gov/pubmed/18465468"	0
"https://www.ncbi.nlm.nih.gov/pubmed/18466212"	0
"https://www.ncbi.nlm.nih.gov/pubmed/18470774"	0
"https://www.ncbi.nlm.nih.gov/pubmed/18473134"	0
"https://www.ncbi.nlm.nih.gov/pubmed/18489533"	0
"https://www.ncbi.nlm.nih.gov/pubmed/18502238"	0
"https://www.ncbi.nlm.nih.gov/pubmed/18506684"	0
"https://www.ncbi.nlm.nih.gov/pubmed/18507568"	0
"https://www.ncbi.nlm.nih.gov/pubmed/18515998"	0
"https://www.ncbi.nlm.nih.gov/pubmed/18519542"	0
"https://www.ncbi.nlm.nih.gov/pubmed/18520693"	0
"https://www.ncbi.nlm.nih.gov/pubmed/18520962"	0
"https://www.ncbi.nlm.nih.gov/pubmed/18539691"	0
"https://www.ncbi.nlm.nih.gov/pubmed/18540117"	0
"https://www.ncbi.nlm.nih.gov/pubmed/18543560"	0
"https://www.ncbi.nlm.nih.gov/pubmed/18553413"	0
"https://www.ncbi.nlm.nih.gov/pubmed/18554463"	0
"https://www.ncbi.nlm.nih.gov/pubmed/18556620"	0
"https://www.ncbi.nlm.nih.gov/pubmed/18567699"	0
"https://www.ncbi.nlm.nih.gov/pubmed/18569405"	0
"https://www.ncbi.nlm.nih.gov/pubmed/18578797"	0
"https://www.ncbi.nlm.nih.gov/pubmed/18586994"	0
"https://www.ncbi.nlm.nih.gov/pubmed/18587676"	0
"https://www.ncbi.nlm.nih.gov/pubmed/18606935"	0
"https://www.ncbi.nlm.nih.gov/pubmed/18622884"	0
"https://www.ncbi.nlm.nih.gov/pubmed/18633091"	0
"https://www.ncbi.nlm.nih.gov/pubmed/18639787"	0
"https://www.ncbi.nlm.nih.gov/pubmed/18642121"	0
"https://www.ncbi.nlm.nih.gov/pubmed/18649504"	0
"https://www.ncbi.nlm.nih.gov/pubmed/18657343"	0
"https://www.ncbi.nlm.nih.gov/pubmed/18664251"	0
"https://www.ncbi.nlm.nih.gov/pubmed/18665691"	0
"https://www.ncbi.nlm.nih.gov/pubmed/18669579"	0
"https://www.ncbi.nlm.nih.gov/pubmed/18686054"	0
"https://www.ncbi.nlm.nih.gov/pubmed/18692419"	0
"https://www.ncbi.nlm.nih.gov/pubmed/18709637"	0
"https://www.ncbi.nlm.nih.gov/pubmed/18716995"	0
"https://www.ncbi.nlm.nih.gov/pubmed/18725364"	0
"https://www.ncbi.nlm.nih.gov/pubmed/18726242"	0
"https://www.ncbi.nlm.nih.gov/pubmed/18726534"	0
"https://www.ncbi.nlm.nih.gov/pubmed/18754984"	0
"https://www.ncbi.nlm.nih.gov/pubmed/18757601"	0
"https://www.ncbi.nlm.nih.gov/pubmed/18759347"	0
"https://www.ncbi.nlm.nih.gov/pubmed/18793809"	0
"https://www.ncbi.nlm.nih.gov/pubmed/18801110"	0
"https://www.ncbi.nlm.nih.gov/pubmed/18802680"	0
"https://www.ncbi.nlm.nih.gov/pubmed/18814916"	0
"https://www.ncbi.nlm.nih.gov/pubmed/18818856"	0
"https://www.ncbi.nlm.nih.gov/pubmed/18832496"	0
"https://www.ncbi.nlm.nih.gov/pubmed/18833313"	0
"https://www.ncbi.nlm.nih.gov/pubmed/18834553"	0
"https://www.ncbi.nlm.nih.gov/pubmed/18836928"	0
"https://www.ncbi.nlm.nih.gov/pubmed/18923213"	0
"https://www.ncbi.nlm.nih.gov/pubmed/18930354"	0
"https://www.ncbi.nlm.nih.gov/pubmed/18945490"	0
"https://www.ncbi.nlm.nih.gov/pubmed/18955128"	0
"https://www.ncbi.nlm.nih.gov/pubmed/18959454"	0
"https://www.ncbi.nlm.nih.gov/pubmed/18976880"	0
"https://www.ncbi.nlm.nih.gov/pubmed/18977062"	0
"https://www.ncbi.nlm.nih.gov/pubmed/18980789"	0
"https://www.ncbi.nlm.nih.gov/pubmed/18980914"	0
"https://www.ncbi.nlm.nih.gov/pubmed/18984507"	0
"https://www.ncbi.nlm.nih.gov/pubmed/18991135"	0
"https://www.ncbi.nlm.nih.gov/pubmed/19000336"	0
"https://www.ncbi.nlm.nih.gov/pubmed/19001950"	0
"https://www.ncbi.nlm.nih.gov/pubmed/19006957"	0
"https://www.ncbi.nlm.nih.gov/pubmed/19013551"	0
"https://www.ncbi.nlm.nih.gov/pubmed/19016186"	0
"https://www.ncbi.nlm.nih.gov/pubmed/19037944"	0
"https://www.ncbi.nlm.nih.gov/pubmed/19039509"	0
"https://www.ncbi.nlm.nih.gov/pubmed/19040784"	0
"https://www.ncbi.nlm.nih.gov/pubmed/19048326"	0
"https://www.ncbi.nlm.nih.gov/pubmed/19049244"	0
"https://www.ncbi.nlm.nih.gov/pubmed/19052441"	0
"https://www.ncbi.nlm.nih.gov/pubmed/19063648"	0
"https://www.ncbi.nlm.nih.gov/pubmed/19073750"	0
"https://www.ncbi.nlm.nih.gov/pubmed/19090025"	0
"https://www.ncbi.nlm.nih.gov/pubmed/19091104"	0
"https://www.ncbi.nlm.nih.gov/pubmed/19096741"	0
"https://www.ncbi.nlm.nih.gov/pubmed/20405781"	0
"https://www.ncbi.nlm.nih.gov/pubmed/20578446"	0
"https://www.ncbi.nlm.nih.gov/pubmed/19143219"	0
"https://www.ncbi.nlm.nih.gov/pubmed/19149842"	0
"https://www.ncbi.nlm.nih.gov/pubmed/19183098"	0
"https://www.ncbi.nlm.nih.gov/pubmed/19184391"	0
"https://www.ncbi.nlm.nih.gov/pubmed/19190835"	0
"https://www.ncbi.nlm.nih.gov/pubmed/19132303"	0
"https://www.ncbi.nlm.nih.gov/pubmed/19132309"	0
"https://www.ncbi.nlm.nih.gov/pubmed/19197676"	0
"https://www.ncbi.nlm.nih.gov/pubmed/19127024"	0
"https://www.ncbi.nlm.nih.gov/pubmed/19214048"	0
"https://www.ncbi.nlm.nih.gov/pubmed/19217003"	0
"https://www.ncbi.nlm.nih.gov/pubmed/19217212"	0
"https://www.ncbi.nlm.nih.gov/pubmed/19220617"	0
"https://www.ncbi.nlm.nih.gov/pubmed/19220624"	0
"https://www.ncbi.nlm.nih.gov/pubmed/19221855"	0
"https://www.ncbi.nlm.nih.gov/pubmed/19225243"	0
"https://www.ncbi.nlm.nih.gov/pubmed/19228157"	0
"https://www.ncbi.nlm.nih.gov/pubmed/19240200"	0
"https://www.ncbi.nlm.nih.gov/pubmed/19253499"	0
"https://www.ncbi.nlm.nih.gov/pubmed/19253500"	0
"https://www.ncbi.nlm.nih.gov/pubmed/19257997"	0
"https://www.ncbi.nlm.nih.gov/pubmed/19260944"	0
"https://www.ncbi.nlm.nih.gov/pubmed/19264325"	0
"https://www.ncbi.nlm.nih.gov/pubmed/19282680"	0
"https://www.ncbi.nlm.nih.gov/pubmed/19283446"	0
"https://www.ncbi.nlm.nih.gov/pubmed/19285349"	0
"https://www.ncbi.nlm.nih.gov/pubmed/19301252"	0
"https://www.ncbi.nlm.nih.gov/pubmed/19308992"	0
"https://www.ncbi.nlm.nih.gov/pubmed/19319918"	0
"https://www.ncbi.nlm.nih.gov/pubmed/19320906"	0
"https://www.ncbi.nlm.nih.gov/pubmed/19322706"	0
"https://www.ncbi.nlm.nih.gov/pubmed/19324413"	0
"https://www.ncbi.nlm.nih.gov/pubmed/19333528"	0
"https://www.ncbi.nlm.nih.gov/pubmed/19338700"	0
"https://www.ncbi.nlm.nih.gov/pubmed/19349893"	0
"https://www.ncbi.nlm.nih.gov/pubmed/19358979"	0
"https://www.ncbi.nlm.nih.gov/pubmed/19363770"	0
"https://www.ncbi.nlm.nih.gov/pubmed/19371495"	0
"https://www.ncbi.nlm.nih.gov/pubmed/19401249"	0
"https://www.ncbi.nlm.nih.gov/pubmed/19407710"	0
"https://www.ncbi.nlm.nih.gov/pubmed/19413403"	0
"https://www.ncbi.nlm.nih.gov/pubmed/19414939"	0
"https://www.ncbi.nlm.nih.gov/pubmed/19415964"	0
"https://www.ncbi.nlm.nih.gov/pubmed/19424809"	0
"https://www.ncbi.nlm.nih.gov/pubmed/19425343"	0
"https://www.ncbi.nlm.nih.gov/pubmed/19432823"	0
"https://www.ncbi.nlm.nih.gov/pubmed/19433144"	0
"https://www.ncbi.nlm.nih.gov/pubmed/19434622"	0
"https://www.ncbi.nlm.nih.gov/pubmed/19451756"	0
"https://www.ncbi.nlm.nih.gov/pubmed/19455453"	0
"https://www.ncbi.nlm.nih.gov/pubmed/19461574"	0
"https://www.ncbi.nlm.nih.gov/pubmed/19465315"	0
"https://www.ncbi.nlm.nih.gov/pubmed/19469917"	0
"https://www.ncbi.nlm.nih.gov/pubmed/19479491"	0
"https://www.ncbi.nlm.nih.gov/pubmed/19479979"	0
"https://www.ncbi.nlm.nih.gov/pubmed/19485637"	0
"https://www.ncbi.nlm.nih.gov/pubmed/19486731"	0
"https://www.ncbi.nlm.nih.gov/pubmed/19489809"	0
"https://www.ncbi.nlm.nih.gov/pubmed/19502473"	0
"https://www.ncbi.nlm.nih.gov/pubmed/19508935"	0
"https://www.ncbi.nlm.nih.gov/pubmed/19519231"	0
"https://www.ncbi.nlm.nih.gov/pubmed/19527564"	0
"https://www.ncbi.nlm.nih.gov/pubmed/19538906"	0
"https://www.ncbi.nlm.nih.gov/pubmed/19540644"	0
"https://www.ncbi.nlm.nih.gov/pubmed/19544313"	0
"https://www.ncbi.nlm.nih.gov/pubmed/19555311"	0
"https://www.ncbi.nlm.nih.gov/pubmed/19555795"	0
"https://www.ncbi.nlm.nih.gov/pubmed/19556949"	0
"https://www.ncbi.nlm.nih.gov/pubmed/19565685"	0
"https://www.ncbi.nlm.nih.gov/pubmed/19570600"	0
"https://www.ncbi.nlm.nih.gov/pubmed/19577516"	0
"https://www.ncbi.nlm.nih.gov/pubmed/19588801"	0
"https://www.ncbi.nlm.nih.gov/pubmed/19588802"	0
"https://www.ncbi.nlm.nih.gov/pubmed/19589597"	0
"https://www.ncbi.nlm.nih.gov/pubmed/19592431"	0
"https://www.ncbi.nlm.nih.gov/pubmed/19592438"	0
"https://www.ncbi.nlm.nih.gov/pubmed/19604666"	0
"https://www.ncbi.nlm.nih.gov/pubmed/19609100"	0
"https://www.ncbi.nlm.nih.gov/pubmed/19615956"	0
"https://www.ncbi.nlm.nih.gov/pubmed/19616354"	0
"https://www.ncbi.nlm.nih.gov/pubmed/19619372"	0
"https://www.ncbi.nlm.nih.gov/pubmed/19628958"	0
"https://www.ncbi.nlm.nih.gov/pubmed/19630840"	0
"https://www.ncbi.nlm.nih.gov/pubmed/19632894"	0
"https://www.ncbi.nlm.nih.gov/pubmed/19637323"	0
"https://www.ncbi.nlm.nih.gov/pubmed/19645050"	0
"https://www.ncbi.nlm.nih.gov/pubmed/19648187"	0
"https://www.ncbi.nlm.nih.gov/pubmed/19648546"	0
"https://www.ncbi.nlm.nih.gov/pubmed/19657905"	0
"https://www.ncbi.nlm.nih.gov/pubmed/19663656"	0
"https://www.ncbi.nlm.nih.gov/pubmed/19664203"	0
"https://www.ncbi.nlm.nih.gov/pubmed/19669067"	0
"https://www.ncbi.nlm.nih.gov/pubmed/19674400"	0
"https://www.ncbi.nlm.nih.gov/pubmed/19688635"	0
"https://www.ncbi.nlm.nih.gov/pubmed/19690962"	0
"https://www.ncbi.nlm.nih.gov/pubmed/19698153"	0
"https://www.ncbi.nlm.nih.gov/pubmed/19709793"	0
"https://www.ncbi.nlm.nih.gov/pubmed/19713022"	0
"https://www.ncbi.nlm.nih.gov/pubmed/19713260"	0
"https://www.ncbi.nlm.nih.gov/pubmed/19713403"	0
"https://www.ncbi.nlm.nih.gov/pubmed/19719770"	0
"https://www.ncbi.nlm.nih.gov/pubmed/19719899"	0
"https://www.ncbi.nlm.nih.gov/pubmed/19725258"	0
"https://www.ncbi.nlm.nih.gov/pubmed/19728210"	0
"https://www.ncbi.nlm.nih.gov/pubmed/19737322"	0
"https://www.ncbi.nlm.nih.gov/pubmed/19757041"	0
"https://www.ncbi.nlm.nih.gov/pubmed/19758738"	0
"https://www.ncbi.nlm.nih.gov/pubmed/19761081"	0
"https://www.ncbi.nlm.nih.gov/pubmed/19762554"	0
"https://www.ncbi.nlm.nih.gov/pubmed/19763812"	0
"https://www.ncbi.nlm.nih.gov/pubmed/19766925"	0
"https://www.ncbi.nlm.nih.gov/pubmed/19781014"	0
"https://www.ncbi.nlm.nih.gov/pubmed/19793212"	0
"https://www.ncbi.nlm.nih.gov/pubmed/19793388"	0
"https://www.ncbi.nlm.nih.gov/pubmed/19800159"	0
"https://www.ncbi.nlm.nih.gov/pubmed/19803607"	0
"https://www.ncbi.nlm.nih.gov/pubmed/19805917"	0
"https://www.ncbi.nlm.nih.gov/pubmed/19808154"	0
"https://www.ncbi.nlm.nih.gov/pubmed/19811586"	0
"https://www.ncbi.nlm.nih.gov/pubmed/19815371"	0
"https://www.ncbi.nlm.nih.gov/pubmed/19818935"	0
"https://www.ncbi.nlm.nih.gov/pubmed/19825262"	0
"https://www.ncbi.nlm.nih.gov/pubmed/19834050"	0
"https://www.ncbi.nlm.nih.gov/pubmed/19837355"	0
"https://www.ncbi.nlm.nih.gov/pubmed/19837780"	0
"https://www.ncbi.nlm.nih.gov/pubmed/19837824"	0
"https://www.ncbi.nlm.nih.gov/pubmed/19840512"	0
"https://www.ncbi.nlm.nih.gov/pubmed/19842170"	0
"https://www.ncbi.nlm.nih.gov/pubmed/19844818"	0
"https://www.ncbi.nlm.nih.gov/pubmed/19863564"	0
"https://www.ncbi.nlm.nih.gov/pubmed/19875131"	0
"https://www.ncbi.nlm.nih.gov/pubmed/19875215"	0
"https://www.ncbi.nlm.nih.gov/pubmed/19875636"	0
"https://www.ncbi.nlm.nih.gov/pubmed/19884608"	0
"https://www.ncbi.nlm.nih.gov/pubmed/19886595"	0
"https://www.ncbi.nlm.nih.gov/pubmed/19892379"	0
"https://www.ncbi.nlm.nih.gov/pubmed/19895301"	0
"https://www.ncbi.nlm.nih.gov/pubmed/19900705"	0
"https://www.ncbi.nlm.nih.gov/pubmed/19901567"	0
"https://www.ncbi.nlm.nih.gov/pubmed/19902464"	0
"https://www.ncbi.nlm.nih.gov/pubmed/19911410"	0
"https://www.ncbi.nlm.nih.gov/pubmed/19916104"	0
"https://www.ncbi.nlm.nih.gov/pubmed/19920328"	0
"https://www.ncbi.nlm.nih.gov/pubmed/19930301"	0
"https://www.ncbi.nlm.nih.gov/pubmed/19932932"	0
"https://www.ncbi.nlm.nih.gov/pubmed/19941175"	0
"https://www.ncbi.nlm.nih.gov/pubmed/19949197"	0
"https://www.ncbi.nlm.nih.gov/pubmed/19957106"	0
"https://www.ncbi.nlm.nih.gov/pubmed/19963406"	0
"https://www.ncbi.nlm.nih.gov/pubmed/19966655"	0
"https://www.ncbi.nlm.nih.gov/pubmed/19969612"	0
"https://www.ncbi.nlm.nih.gov/pubmed/19998267"	0
"https://www.ncbi.nlm.nih.gov/pubmed/20001825"	0
"https://www.ncbi.nlm.nih.gov/pubmed/20008084"	0
"https://www.ncbi.nlm.nih.gov/pubmed/20031524"	0
"https://www.ncbi.nlm.nih.gov/pubmed/20033130"	0
"https://www.ncbi.nlm.nih.gov/pubmed/20040529"	0
"https://www.ncbi.nlm.nih.gov/pubmed/20060252"	0
"https://www.ncbi.nlm.nih.gov/pubmed/20060261"	0
"https://www.ncbi.nlm.nih.gov/pubmed/20069472"	0
"https://www.ncbi.nlm.nih.gov/pubmed/20101393"	0
"https://www.ncbi.nlm.nih.gov/pubmed/20101624"	0
"https://www.ncbi.nlm.nih.gov/pubmed/20102784"	0
"https://www.ncbi.nlm.nih.gov/pubmed/20105699"	0
"https://www.ncbi.nlm.nih.gov/pubmed/20117866"	0
"https://www.ncbi.nlm.nih.gov/pubmed/20118157"	0
"https://www.ncbi.nlm.nih.gov/pubmed/20118457"	0
"https://www.ncbi.nlm.nih.gov/pubmed/20121665"	0
"https://www.ncbi.nlm.nih.gov/pubmed/20121862"	0
"https://www.ncbi.nlm.nih.gov/pubmed/20139157"	0
"https://www.ncbi.nlm.nih.gov/pubmed/20144464"	0
"https://www.ncbi.nlm.nih.gov/pubmed/20146110"	0
"https://www.ncbi.nlm.nih.gov/pubmed/20146112"	0
"https://www.ncbi.nlm.nih.gov/pubmed/20146140"	0
"https://www.ncbi.nlm.nih.gov/pubmed/20146393"	0
"https://www.ncbi.nlm.nih.gov/pubmed/20148274"	0
"https://www.ncbi.nlm.nih.gov/pubmed/20167952"	0
"https://www.ncbi.nlm.nih.gov/pubmed/20171889"	0
"https://www.ncbi.nlm.nih.gov/pubmed/20175629"	0
"https://www.ncbi.nlm.nih.gov/pubmed/20183636"	0
"https://www.ncbi.nlm.nih.gov/pubmed/20187718"	0
"https://www.ncbi.nlm.nih.gov/pubmed/20195906"	0
"https://www.ncbi.nlm.nih.gov/pubmed/20196679"	0
"https://www.ncbi.nlm.nih.gov/pubmed/20207673"	0
"https://www.ncbi.nlm.nih.gov/pubmed/20211550"	0
"https://www.ncbi.nlm.nih.gov/pubmed/20212300"	0
"https://www.ncbi.nlm.nih.gov/pubmed/20214725"	0
"https://www.ncbi.nlm.nih.gov/pubmed/20219001"	0
"https://www.ncbi.nlm.nih.gov/pubmed/20223518"	0
"https://www.ncbi.nlm.nih.gov/pubmed/20233834"	0
"https://www.ncbi.nlm.nih.gov/pubmed/20337500"	0
"https://www.ncbi.nlm.nih.gov/pubmed/20339737"	0
"https://www.ncbi.nlm.nih.gov/pubmed/20347199"	0
"https://www.ncbi.nlm.nih.gov/pubmed/20374211"	0
"https://www.ncbi.nlm.nih.gov/pubmed/20386256"	0
"https://www.ncbi.nlm.nih.gov/pubmed/20391087"	0
"https://www.ncbi.nlm.nih.gov/pubmed/20395920"	0
"https://www.ncbi.nlm.nih.gov/pubmed/20401817"	0
"https://www.ncbi.nlm.nih.gov/pubmed/20402197"	0
"https://www.ncbi.nlm.nih.gov/pubmed/20407888"	0
"https://www.ncbi.nlm.nih.gov/pubmed/20413584"	0
"https://www.ncbi.nlm.nih.gov/pubmed/20418054"	0
"https://www.ncbi.nlm.nih.gov/pubmed/20419739"	0
"https://www.ncbi.nlm.nih.gov/pubmed/20420300"	0
"https://www.ncbi.nlm.nih.gov/pubmed/20422229"	0
"https://www.ncbi.nlm.nih.gov/pubmed/20430236"	0
"https://www.ncbi.nlm.nih.gov/pubmed/20430592"	0
"https://www.ncbi.nlm.nih.gov/pubmed/20434039"	0
"https://www.ncbi.nlm.nih.gov/pubmed/20438343"	0
"https://www.ncbi.nlm.nih.gov/pubmed/20442344"	0
"https://www.ncbi.nlm.nih.gov/pubmed/20444551"	0
"https://www.ncbi.nlm.nih.gov/pubmed/20447011"	0
"https://www.ncbi.nlm.nih.gov/pubmed/20448236"	0
"https://www.ncbi.nlm.nih.gov/pubmed/20450468"	0
"https://www.ncbi.nlm.nih.gov/pubmed/20455607"	0
"https://www.ncbi.nlm.nih.gov/pubmed/20471148"	0
"https://www.ncbi.nlm.nih.gov/pubmed/20473638"	0
"https://www.ncbi.nlm.nih.gov/pubmed/20473793"	0
"https://www.ncbi.nlm.nih.gov/pubmed/20473796"	0
"https://www.ncbi.nlm.nih.gov/pubmed/20494271"	0
"https://www.ncbi.nlm.nih.gov/pubmed/20500625"	0
"https://www.ncbi.nlm.nih.gov/pubmed/20507328"	0
"https://www.ncbi.nlm.nih.gov/pubmed/20512212"	0
"https://www.ncbi.nlm.nih.gov/pubmed/20526043"	0
"https://www.ncbi.nlm.nih.gov/pubmed/20530404"	0
"https://www.ncbi.nlm.nih.gov/pubmed/20537316"	0
"https://www.ncbi.nlm.nih.gov/pubmed/20545935"	0
"https://www.ncbi.nlm.nih.gov/pubmed/20547016"	0
"https://www.ncbi.nlm.nih.gov/pubmed/20547862"	0
"https://www.ncbi.nlm.nih.gov/pubmed/20553751"	0
"https://www.ncbi.nlm.nih.gov/pubmed/20559615"	0
"https://www.ncbi.nlm.nih.gov/pubmed/20561071"	0
"https://www.ncbi.nlm.nih.gov/pubmed/20563434"	0
"https://www.ncbi.nlm.nih.gov/pubmed/20565846"	0
"https://www.ncbi.nlm.nih.gov/pubmed/20572850"	0
"https://www.ncbi.nlm.nih.gov/pubmed/20574665"	0
"https://www.ncbi.nlm.nih.gov/pubmed/20576186"	0
"https://www.ncbi.nlm.nih.gov/pubmed/20578185"	0
"https://www.ncbi.nlm.nih.gov/pubmed/20580266"	0
"https://www.ncbi.nlm.nih.gov/pubmed/20584519"	0
"https://www.ncbi.nlm.nih.gov/pubmed/24482859"	0
"https://www.ncbi.nlm.nih.gov/pubmed/20586223"	0
"https://www.ncbi.nlm.nih.gov/pubmed/20589557"	0
"https://www.ncbi.nlm.nih.gov/pubmed/20602170"	0
"https://www.ncbi.nlm.nih.gov/pubmed/20602724"	0
"https://www.ncbi.nlm.nih.gov/pubmed/20603452"	0
"https://www.ncbi.nlm.nih.gov/pubmed/20617757"	0
"https://www.ncbi.nlm.nih.gov/pubmed/20622049"	0
"https://www.ncbi.nlm.nih.gov/pubmed/20623339"	0
"https://www.ncbi.nlm.nih.gov/pubmed/20629246"	0
"https://www.ncbi.nlm.nih.gov/pubmed/20629443"	0
"https://www.ncbi.nlm.nih.gov/pubmed/20631981"	0
"https://www.ncbi.nlm.nih.gov/pubmed/20650974"	0
"https://www.ncbi.nlm.nih.gov/pubmed/20654792"	0
"https://www.ncbi.nlm.nih.gov/pubmed/20658022"	0
"https://www.ncbi.nlm.nih.gov/pubmed/20662105"	0
"https://www.ncbi.nlm.nih.gov/pubmed/20673374"	0
"https://www.ncbi.nlm.nih.gov/pubmed/20673552"	0
"https://www.ncbi.nlm.nih.gov/pubmed/20675099"	0
"https://www.ncbi.nlm.nih.gov/pubmed/20678891"	0
"https://www.ncbi.nlm.nih.gov/pubmed/20688438"	0
"https://www.ncbi.nlm.nih.gov/pubmed/20690169"	0
"https://www.ncbi.nlm.nih.gov/pubmed/20690799"	0
"https://www.ncbi.nlm.nih.gov/pubmed/20693387"	0
"https://www.ncbi.nlm.nih.gov/pubmed/20706920"	0
"https://www.ncbi.nlm.nih.gov/pubmed/20712824"	0
"https://www.ncbi.nlm.nih.gov/pubmed/20718925"	0
"https://www.ncbi.nlm.nih.gov/pubmed/20722680"	0
"https://www.ncbi.nlm.nih.gov/pubmed/20738408"	0
"https://www.ncbi.nlm.nih.gov/pubmed/20798019"	0
"https://www.ncbi.nlm.nih.gov/pubmed/22402087"	0
"https://www.ncbi.nlm.nih.gov/pubmed/20806333"	0
"https://www.ncbi.nlm.nih.gov/pubmed/20813225"	0
"https://www.ncbi.nlm.nih.gov/pubmed/20816553"	0
"https://www.ncbi.nlm.nih.gov/pubmed/20833832"	0
"https://www.ncbi.nlm.nih.gov/pubmed/20835940"	0
"https://www.ncbi.nlm.nih.gov/pubmed/20835967"	0
"https://www.ncbi.nlm.nih.gov/pubmed/20838140"	0
"https://www.ncbi.nlm.nih.gov/pubmed/20838404"	0
"https://www.ncbi.nlm.nih.gov/pubmed/20843212"	0
"https://www.ncbi.nlm.nih.gov/pubmed/20846544"	0
"https://www.ncbi.nlm.nih.gov/pubmed/20848616"	0
"https://www.ncbi.nlm.nih.gov/pubmed/20853920"	0
"https://www.ncbi.nlm.nih.gov/pubmed/20855044"	0
"https://www.ncbi.nlm.nih.gov/pubmed/20865587"	0
"https://www.ncbi.nlm.nih.gov/pubmed/20870001"	0
"https://www.ncbi.nlm.nih.gov/pubmed/20870332"	0
"https://www.ncbi.nlm.nih.gov/pubmed/20872154"	0
"https://www.ncbi.nlm.nih.gov/pubmed/20883584"	0
"https://www.ncbi.nlm.nih.gov/pubmed/20889143"	0
"https://www.ncbi.nlm.nih.gov/pubmed/20919759"	0
"https://www.ncbi.nlm.nih.gov/pubmed/20921113"	0
"https://www.ncbi.nlm.nih.gov/pubmed/20921870"	0
"https://www.ncbi.nlm.nih.gov/pubmed/20921888"	0
"https://www.ncbi.nlm.nih.gov/pubmed/20936890"	0
"https://www.ncbi.nlm.nih.gov/pubmed/20938866"	0
"https://www.ncbi.nlm.nih.gov/pubmed/20948418"	0
"https://www.ncbi.nlm.nih.gov/pubmed/20950296"	0
"https://www.ncbi.nlm.nih.gov/pubmed/20950297"	0
"https://www.ncbi.nlm.nih.gov/pubmed/20955232"	0
"https://www.ncbi.nlm.nih.gov/pubmed/20959750"	0
"https://www.ncbi.nlm.nih.gov/pubmed/20963469"	0
"https://www.ncbi.nlm.nih.gov/pubmed/20966369"	0
"https://www.ncbi.nlm.nih.gov/pubmed/20966378"	0
"https://www.ncbi.nlm.nih.gov/pubmed/20966379"	0
"https://www.ncbi.nlm.nih.gov/pubmed/20970702"	0
"https://www.ncbi.nlm.nih.gov/pubmed/20976536"	0
"https://www.ncbi.nlm.nih.gov/pubmed/21034383"	0
"https://www.ncbi.nlm.nih.gov/pubmed/21048469"	0
"https://www.ncbi.nlm.nih.gov/pubmed/21049526"	0
"https://www.ncbi.nlm.nih.gov/pubmed/21054917"	0
"https://www.ncbi.nlm.nih.gov/pubmed/21058402"	0
"https://www.ncbi.nlm.nih.gov/pubmed/21062186"	0
"https://www.ncbi.nlm.nih.gov/pubmed/21068740"	0
"https://www.ncbi.nlm.nih.gov/pubmed/21071173"	0
"https://www.ncbi.nlm.nih.gov/pubmed/21078196"	0
"https://www.ncbi.nlm.nih.gov/pubmed/21094346"	0
"https://www.ncbi.nlm.nih.gov/pubmed/21094922"	0
"https://www.ncbi.nlm.nih.gov/pubmed/21107614"	0
"https://www.ncbi.nlm.nih.gov/pubmed/21111407"	0
"https://www.ncbi.nlm.nih.gov/pubmed/21118656"	0
"https://www.ncbi.nlm.nih.gov/pubmed/21120404"	0
"https://www.ncbi.nlm.nih.gov/pubmed/21126851"	0
"https://www.ncbi.nlm.nih.gov/pubmed/21129914"	0
"https://www.ncbi.nlm.nih.gov/pubmed/21131171"	0
"https://www.ncbi.nlm.nih.gov/pubmed/21132676"	0
"https://www.ncbi.nlm.nih.gov/pubmed/21132844"	0
"https://www.ncbi.nlm.nih.gov/pubmed/21135643"	0
"https://www.ncbi.nlm.nih.gov/pubmed/21149850"	0
"https://www.ncbi.nlm.nih.gov/pubmed/21159149"	0
"https://www.ncbi.nlm.nih.gov/pubmed/21182754"	0
"https://www.ncbi.nlm.nih.gov/pubmed/21189333"	0
"https://www.ncbi.nlm.nih.gov/pubmed/21193183"	0
"https://www.ncbi.nlm.nih.gov/pubmed/21197563"	0
"https://www.ncbi.nlm.nih.gov/pubmed/21212720"	0
"https://www.ncbi.nlm.nih.gov/pubmed/21213157"	0
"https://www.ncbi.nlm.nih.gov/pubmed/21221815"	0
"https://www.ncbi.nlm.nih.gov/pubmed/21235387"	0
"https://www.ncbi.nlm.nih.gov/pubmed/21238860"	0
"https://www.ncbi.nlm.nih.gov/pubmed/21239145"	0
"https://www.ncbi.nlm.nih.gov/pubmed/21240693"	0
"https://www.ncbi.nlm.nih.gov/pubmed/21242288"	0
"https://www.ncbi.nlm.nih.gov/pubmed/21246273"	0
"https://www.ncbi.nlm.nih.gov/pubmed/21281416"	0
"https://www.ncbi.nlm.nih.gov/pubmed/21287280"	0
"https://www.ncbi.nlm.nih.gov/pubmed/21302406"	0
"https://www.ncbi.nlm.nih.gov/pubmed/21308887"	0
"https://www.ncbi.nlm.nih.gov/pubmed/21318932"	0
"https://www.ncbi.nlm.nih.gov/pubmed/21323779"	0
"https://www.ncbi.nlm.nih.gov/pubmed/21335422"	0
"https://www.ncbi.nlm.nih.gov/pubmed/21338303"	0
"https://www.ncbi.nlm.nih.gov/pubmed/21343209"	0
"https://www.ncbi.nlm.nih.gov/pubmed/21344042"	0
"https://www.ncbi.nlm.nih.gov/pubmed/21348798"	0
"https://www.ncbi.nlm.nih.gov/pubmed/21350810"	0
"https://www.ncbi.nlm.nih.gov/pubmed/21353121"	0
"https://www.ncbi.nlm.nih.gov/pubmed/21355651"	0
"https://www.ncbi.nlm.nih.gov/pubmed/21370315"	0
"https://www.ncbi.nlm.nih.gov/pubmed/21371296"	0
"https://www.ncbi.nlm.nih.gov/pubmed/21381799"	0
"https://www.ncbi.nlm.nih.gov/pubmed/21384122"	0
"https://www.ncbi.nlm.nih.gov/pubmed/21400485"	0
"https://www.ncbi.nlm.nih.gov/pubmed/21400640"	0
"https://www.ncbi.nlm.nih.gov/pubmed/21421176"	0
"https://www.ncbi.nlm.nih.gov/pubmed/21425638"	0
"https://www.ncbi.nlm.nih.gov/pubmed/21426459"	0
"https://www.ncbi.nlm.nih.gov/pubmed/21439755"	0
"https://www.ncbi.nlm.nih.gov/pubmed/21440348"	0
"https://www.ncbi.nlm.nih.gov/pubmed/21448971"	0
"https://www.ncbi.nlm.nih.gov/pubmed/21457899"	0
"https://www.ncbi.nlm.nih.gov/pubmed/21459991"	0
"https://www.ncbi.nlm.nih.gov/pubmed/21462268"	0
"https://www.ncbi.nlm.nih.gov/pubmed/21464118"	0
"https://www.ncbi.nlm.nih.gov/pubmed/21470621"	0
"https://www.ncbi.nlm.nih.gov/pubmed/21476012"	0
"https://www.ncbi.nlm.nih.gov/pubmed/21486262"	0
"https://www.ncbi.nlm.nih.gov/pubmed/21489741"	0
"https://www.ncbi.nlm.nih.gov/pubmed/21490293"	0
"https://www.ncbi.nlm.nih.gov/pubmed/21492417"	0
"https://www.ncbi.nlm.nih.gov/pubmed/21492977"	0
"https://www.ncbi.nlm.nih.gov/pubmed/21499111"	0
"https://www.ncbi.nlm.nih.gov/pubmed/21511070"	0
"https://www.ncbi.nlm.nih.gov/pubmed/21513510"	0
"https://www.ncbi.nlm.nih.gov/pubmed/21524424"	0
"https://www.ncbi.nlm.nih.gov/pubmed/21534060"	0
"https://www.ncbi.nlm.nih.gov/pubmed/21534694"	0
"https://www.ncbi.nlm.nih.gov/pubmed/21536226"	0
"https://www.ncbi.nlm.nih.gov/pubmed/21553940"	0
"https://www.ncbi.nlm.nih.gov/pubmed/21556782"	0
"https://www.ncbi.nlm.nih.gov/pubmed/21567474"	0
"https://www.ncbi.nlm.nih.gov/pubmed/21569372"	0
"https://www.ncbi.nlm.nih.gov/pubmed/21572244"	0
"https://www.ncbi.nlm.nih.gov/pubmed/21574341"	0
"https://www.ncbi.nlm.nih.gov/pubmed/21577007"	0
"https://www.ncbi.nlm.nih.gov/pubmed/21591856"	0
"https://www.ncbi.nlm.nih.gov/pubmed/21601721"	0
"https://www.ncbi.nlm.nih.gov/pubmed/21608084"	0
"https://www.ncbi.nlm.nih.gov/pubmed/21609359"	0
"https://www.ncbi.nlm.nih.gov/pubmed/21618289"	0
"https://www.ncbi.nlm.nih.gov/pubmed/21618413"	0
"https://www.ncbi.nlm.nih.gov/pubmed/21618672"	0
"https://www.ncbi.nlm.nih.gov/pubmed/21630074"	0
"https://www.ncbi.nlm.nih.gov/pubmed/21643936"	0
"https://www.ncbi.nlm.nih.gov/pubmed/21647600"	0
"https://www.ncbi.nlm.nih.gov/pubmed/21648324"	0
"https://www.ncbi.nlm.nih.gov/pubmed/21648335"	0
"https://www.ncbi.nlm.nih.gov/pubmed/21655940"	0
"https://www.ncbi.nlm.nih.gov/pubmed/21658350"	0
"https://www.ncbi.nlm.nih.gov/pubmed/21658929"	0
"https://www.ncbi.nlm.nih.gov/pubmed/21659301"	0
"https://www.ncbi.nlm.nih.gov/pubmed/21667049"	0
"https://www.ncbi.nlm.nih.gov/pubmed/21668386"	0
"https://www.ncbi.nlm.nih.gov/pubmed/21671444"	0
"https://www.ncbi.nlm.nih.gov/pubmed/21676285"	0
"https://www.ncbi.nlm.nih.gov/pubmed/21681868"	0
"https://www.ncbi.nlm.nih.gov/pubmed/21687912"	0
"https://www.ncbi.nlm.nih.gov/pubmed/21696614"	0
"https://www.ncbi.nlm.nih.gov/pubmed/21697139"	0
"https://www.ncbi.nlm.nih.gov/pubmed/21709127"	0
"https://www.ncbi.nlm.nih.gov/pubmed/21716061"	0
"https://www.ncbi.nlm.nih.gov/pubmed/21718079"	0
"https://www.ncbi.nlm.nih.gov/pubmed/21718225"	0
"https://www.ncbi.nlm.nih.gov/pubmed/21729339"	0
"https://www.ncbi.nlm.nih.gov/pubmed/21735051"	0
"https://www.ncbi.nlm.nih.gov/pubmed/21740593"	0
"https://www.ncbi.nlm.nih.gov/pubmed/21756447"	0
"https://www.ncbi.nlm.nih.gov/pubmed/21762180"	0
"https://www.ncbi.nlm.nih.gov/pubmed/21766340"	0
"https://www.ncbi.nlm.nih.gov/pubmed/21767093"	0
"https://www.ncbi.nlm.nih.gov/pubmed/21767691"	0
"https://www.ncbi.nlm.nih.gov/pubmed/21767881"	0
"https://www.ncbi.nlm.nih.gov/pubmed/21769607"	0
"https://www.ncbi.nlm.nih.gov/pubmed/21769995"	0
"https://www.ncbi.nlm.nih.gov/pubmed/21771282"	0
"https://www.ncbi.nlm.nih.gov/pubmed/21784433"	0
"https://www.ncbi.nlm.nih.gov/pubmed/21794924"	0
"https://www.ncbi.nlm.nih.gov/pubmed/21796025"	0
"https://www.ncbi.nlm.nih.gov/pubmed/21800364"	0
"https://www.ncbi.nlm.nih.gov/pubmed/21806512"	0
"https://www.ncbi.nlm.nih.gov/pubmed/21808752"	0
"https://www.ncbi.nlm.nih.gov/pubmed/21812037"	0
"https://www.ncbi.nlm.nih.gov/pubmed/21812724"	0
"https://www.ncbi.nlm.nih.gov/pubmed/21813428"	0
"https://www.ncbi.nlm.nih.gov/pubmed/21813429"	0
"https://www.ncbi.nlm.nih.gov/pubmed/21813812"	0
"https://www.ncbi.nlm.nih.gov/pubmed/21814297"	0
"https://www.ncbi.nlm.nih.gov/pubmed/21816035"	0
"https://www.ncbi.nlm.nih.gov/pubmed/21816860"	0
"https://www.ncbi.nlm.nih.gov/pubmed/21823953"	0
"https://www.ncbi.nlm.nih.gov/pubmed/21823956"	0
"https://www.ncbi.nlm.nih.gov/pubmed/21824017"	0
"https://www.ncbi.nlm.nih.gov/pubmed/21830266"	0
"https://www.ncbi.nlm.nih.gov/pubmed/21835560"	0
"https://www.ncbi.nlm.nih.gov/pubmed/21846252"	0
"https://www.ncbi.nlm.nih.gov/pubmed/21846424"	0
"https://www.ncbi.nlm.nih.gov/pubmed/21849411"	0
"https://www.ncbi.nlm.nih.gov/pubmed/21855143"	0
"https://www.ncbi.nlm.nih.gov/pubmed/21861954"	0
"https://www.ncbi.nlm.nih.gov/pubmed/21865530"	0
"https://www.ncbi.nlm.nih.gov/pubmed/23181647"	0
"https://www.ncbi.nlm.nih.gov/pubmed/24653228"	0
"https://www.ncbi.nlm.nih.gov/pubmed/21880054"	0
"https://www.ncbi.nlm.nih.gov/pubmed/21880058"	0
"https://www.ncbi.nlm.nih.gov/pubmed/21880165"	0
"https://www.ncbi.nlm.nih.gov/pubmed/21884230"	0
"https://www.ncbi.nlm.nih.gov/pubmed/21890716"	0
"https://www.ncbi.nlm.nih.gov/pubmed/21896237"	0
"https://www.ncbi.nlm.nih.gov/pubmed/21898708"	0
"https://www.ncbi.nlm.nih.gov/pubmed/21901543"	0
"https://www.ncbi.nlm.nih.gov/pubmed/21903030"	0
"https://www.ncbi.nlm.nih.gov/pubmed/21911508"	0
"https://www.ncbi.nlm.nih.gov/pubmed/21920795"	0
"https://www.ncbi.nlm.nih.gov/pubmed/21921304"	0
"https://www.ncbi.nlm.nih.gov/pubmed/21925943"	0
"https://www.ncbi.nlm.nih.gov/pubmed/21930333"	0
"https://www.ncbi.nlm.nih.gov/pubmed/21931238"	0
"https://www.ncbi.nlm.nih.gov/pubmed/21940913"	0
"https://www.ncbi.nlm.nih.gov/pubmed/21942232"	0
"https://www.ncbi.nlm.nih.gov/pubmed/21963609"	0
"https://www.ncbi.nlm.nih.gov/pubmed/21966931"	0
"https://www.ncbi.nlm.nih.gov/pubmed/21975135"	0
"https://www.ncbi.nlm.nih.gov/pubmed/21987519"	0
"https://www.ncbi.nlm.nih.gov/pubmed/22000684"	0
"https://www.ncbi.nlm.nih.gov/pubmed/22002830"	0
"https://www.ncbi.nlm.nih.gov/pubmed/22003949"	0
"https://www.ncbi.nlm.nih.gov/pubmed/22004114"	0
"https://www.ncbi.nlm.nih.gov/pubmed/22007987"	0
"https://www.ncbi.nlm.nih.gov/pubmed/22018414"	0
"https://www.ncbi.nlm.nih.gov/pubmed/22032549"	0
"https://www.ncbi.nlm.nih.gov/pubmed/22038420"	0
"https://www.ncbi.nlm.nih.gov/pubmed/22038429"	0
"https://www.ncbi.nlm.nih.gov/pubmed/22058064"	0
"https://www.ncbi.nlm.nih.gov/pubmed/22066670"	0
"https://www.ncbi.nlm.nih.gov/pubmed/22081466"	0
"https://www.ncbi.nlm.nih.gov/pubmed/22083344"	0
"https://www.ncbi.nlm.nih.gov/pubmed/22086845"	0
"https://www.ncbi.nlm.nih.gov/pubmed/22109110"	0
"https://www.ncbi.nlm.nih.gov/pubmed/22113964"	0
"https://www.ncbi.nlm.nih.gov/pubmed/22115173"	0
"https://www.ncbi.nlm.nih.gov/pubmed/22134451"	0
"https://www.ncbi.nlm.nih.gov/pubmed/22140248"	0
"https://www.ncbi.nlm.nih.gov/pubmed/22144133"	0
"https://www.ncbi.nlm.nih.gov/pubmed/22144187"	0
"https://www.ncbi.nlm.nih.gov/pubmed/22146666"	0
"https://www.ncbi.nlm.nih.gov/pubmed/22146673"	0
"https://www.ncbi.nlm.nih.gov/pubmed/22151428"	0
"https://www.ncbi.nlm.nih.gov/pubmed/22153729"	0
"https://www.ncbi.nlm.nih.gov/pubmed/22166813"	0
"https://www.ncbi.nlm.nih.gov/pubmed/22170456"	0
"https://www.ncbi.nlm.nih.gov/pubmed/22176136"	0
"https://www.ncbi.nlm.nih.gov/pubmed/22179166"	0
"https://www.ncbi.nlm.nih.gov/pubmed/22189853"	0
"https://www.ncbi.nlm.nih.gov/pubmed/22191990"	0
"https://www.ncbi.nlm.nih.gov/pubmed/22201278"	0
"https://www.ncbi.nlm.nih.gov/pubmed/22203637"	0
"https://www.ncbi.nlm.nih.gov/pubmed/23983326"	0
"https://www.ncbi.nlm.nih.gov/pubmed/22208539"	0
"https://www.ncbi.nlm.nih.gov/pubmed/22210069"	0
"https://www.ncbi.nlm.nih.gov/pubmed/22214295"	0
"https://www.ncbi.nlm.nih.gov/pubmed/22214298"	0
"https://www.ncbi.nlm.nih.gov/pubmed/22218286"	0
"https://www.ncbi.nlm.nih.gov/pubmed/22220930"	0
"https://www.ncbi.nlm.nih.gov/pubmed/22226029"	0
"https://www.ncbi.nlm.nih.gov/pubmed/22226637"	0
"https://www.ncbi.nlm.nih.gov/pubmed/22233245"	0
"https://www.ncbi.nlm.nih.gov/pubmed/22239380"	0
"https://www.ncbi.nlm.nih.gov/pubmed/22239383"	0
"https://www.ncbi.nlm.nih.gov/pubmed/22239384"	0
"https://www.ncbi.nlm.nih.gov/pubmed/22244376"	0
"https://www.ncbi.nlm.nih.gov/pubmed/22251047"	0
"https://www.ncbi.nlm.nih.gov/pubmed/22258913"	0
"https://www.ncbi.nlm.nih.gov/pubmed/22265935"	0
"https://www.ncbi.nlm.nih.gov/pubmed/22269074"	0
"https://www.ncbi.nlm.nih.gov/pubmed/22273341"	0
"https://www.ncbi.nlm.nih.gov/pubmed/22274933"	0
"https://www.ncbi.nlm.nih.gov/pubmed/22278745"	0
"https://www.ncbi.nlm.nih.gov/pubmed/22286843"	0
"https://www.ncbi.nlm.nih.gov/pubmed/22286851"	0
"https://www.ncbi.nlm.nih.gov/pubmed/24567983"	0
"https://www.ncbi.nlm.nih.gov/pubmed/22295897"	0
"https://www.ncbi.nlm.nih.gov/pubmed/22304691"	0
"https://www.ncbi.nlm.nih.gov/pubmed/22316441"	0
"https://www.ncbi.nlm.nih.gov/pubmed/22321144"	0
"https://www.ncbi.nlm.nih.gov/pubmed/22322307"	0
"https://www.ncbi.nlm.nih.gov/pubmed/22329533"	0
"https://www.ncbi.nlm.nih.gov/pubmed/22343057"	0
"https://www.ncbi.nlm.nih.gov/pubmed/22353006"	0
"https://www.ncbi.nlm.nih.gov/pubmed/22354552"	0
"https://www.ncbi.nlm.nih.gov/pubmed/22358218"	0
"https://www.ncbi.nlm.nih.gov/pubmed/22360066"	0
"https://www.ncbi.nlm.nih.gov/pubmed/22374912"	0
"https://www.ncbi.nlm.nih.gov/pubmed/22375904"	0
"https://www.ncbi.nlm.nih.gov/pubmed/22381719"	0
"https://www.ncbi.nlm.nih.gov/pubmed/22394428"	0
"https://www.ncbi.nlm.nih.gov/pubmed/22397619"	0
"https://www.ncbi.nlm.nih.gov/pubmed/22398181"	0
"https://www.ncbi.nlm.nih.gov/pubmed/22398300"	0
"https://www.ncbi.nlm.nih.gov/pubmed/22404253"	0
"https://www.ncbi.nlm.nih.gov/pubmed/22404793"	0
"https://www.ncbi.nlm.nih.gov/pubmed/22407021"	0
"https://www.ncbi.nlm.nih.gov/pubmed/22409227"	0
"https://www.ncbi.nlm.nih.gov/pubmed/22420679"	0
"https://www.ncbi.nlm.nih.gov/pubmed/22422160"	0
"https://www.ncbi.nlm.nih.gov/pubmed/22423460"	0
"https://www.ncbi.nlm.nih.gov/pubmed/22424895"	0
"https://www.ncbi.nlm.nih.gov/pubmed/22434207"	0
"https://www.ncbi.nlm.nih.gov/pubmed/22443309"	0
"https://www.ncbi.nlm.nih.gov/pubmed/22452449"	0
"https://www.ncbi.nlm.nih.gov/pubmed/22456039"	0
"https://www.ncbi.nlm.nih.gov/pubmed/22456333"	0
"https://www.ncbi.nlm.nih.gov/pubmed/22471884"	0
"https://www.ncbi.nlm.nih.gov/pubmed/22473794"	0
"https://www.ncbi.nlm.nih.gov/pubmed/22473946"	0
"https://www.ncbi.nlm.nih.gov/pubmed/22475821"	0
"https://www.ncbi.nlm.nih.gov/pubmed/22483708"	0
"https://www.ncbi.nlm.nih.gov/pubmed/22500011"	0
"https://www.ncbi.nlm.nih.gov/pubmed/22500013"	0
"https://www.ncbi.nlm.nih.gov/pubmed/22512410"	0
"https://www.ncbi.nlm.nih.gov/pubmed/22520956"	0
"https://www.ncbi.nlm.nih.gov/pubmed/22522725"	0
"https://www.ncbi.nlm.nih.gov/pubmed/22522729"	0
"https://www.ncbi.nlm.nih.gov/pubmed/22523042"	0
"https://www.ncbi.nlm.nih.gov/pubmed/22538387"	0
"https://www.ncbi.nlm.nih.gov/pubmed/22551525"	0
"https://www.ncbi.nlm.nih.gov/pubmed/22566561"	0
"https://www.ncbi.nlm.nih.gov/pubmed/22576725"	0
"https://www.ncbi.nlm.nih.gov/pubmed/22587939"	0
"https://www.ncbi.nlm.nih.gov/pubmed/22592105"	0
"https://www.ncbi.nlm.nih.gov/pubmed/22592537"	0
"https://www.ncbi.nlm.nih.gov/pubmed/22593009"	0
"https://www.ncbi.nlm.nih.gov/pubmed/22594697"	0
"https://www.ncbi.nlm.nih.gov/pubmed/22605681"	0
"https://www.ncbi.nlm.nih.gov/pubmed/22608015"	0
"https://www.ncbi.nlm.nih.gov/pubmed/22609471"	0
"https://www.ncbi.nlm.nih.gov/pubmed/22615202"	0
"https://www.ncbi.nlm.nih.gov/pubmed/22615484"	0
"https://www.ncbi.nlm.nih.gov/pubmed/22618735"	0
"https://www.ncbi.nlm.nih.gov/pubmed/22625995"	0
"https://www.ncbi.nlm.nih.gov/pubmed/22628068"	0
"https://www.ncbi.nlm.nih.gov/pubmed/22629213"	0
"https://www.ncbi.nlm.nih.gov/pubmed/22635153"	0
"https://www.ncbi.nlm.nih.gov/pubmed/22640636"	0
"https://www.ncbi.nlm.nih.gov/pubmed/22644463"	0
"https://www.ncbi.nlm.nih.gov/pubmed/22644200"	0
"https://www.ncbi.nlm.nih.gov/pubmed/22646199"	0
"https://www.ncbi.nlm.nih.gov/pubmed/22651677"	0
"https://www.ncbi.nlm.nih.gov/pubmed/22652338"	0
"https://www.ncbi.nlm.nih.gov/pubmed/22670411"	0
"https://www.ncbi.nlm.nih.gov/pubmed/22674337"	0
"https://www.ncbi.nlm.nih.gov/pubmed/22686392"	0
"https://www.ncbi.nlm.nih.gov/pubmed/22691271"	0
"https://www.ncbi.nlm.nih.gov/pubmed/22697206"	0
"https://www.ncbi.nlm.nih.gov/pubmed/22697470"	0
"https://www.ncbi.nlm.nih.gov/pubmed/22698894"	0
"https://www.ncbi.nlm.nih.gov/pubmed/22707072"	0
"https://www.ncbi.nlm.nih.gov/pubmed/22707343"	0
"https://www.ncbi.nlm.nih.gov/pubmed/22707344"	0
"https://www.ncbi.nlm.nih.gov/pubmed/22712595"	0
"https://www.ncbi.nlm.nih.gov/pubmed/22715135"	0
"https://www.ncbi.nlm.nih.gov/pubmed/22726535"	0
"https://www.ncbi.nlm.nih.gov/pubmed/22736303"	0
"https://www.ncbi.nlm.nih.gov/pubmed/22747671"	0
"https://www.ncbi.nlm.nih.gov/pubmed/22761716"	0
"https://www.ncbi.nlm.nih.gov/pubmed/22767701"	0
"https://www.ncbi.nlm.nih.gov/pubmed/22772393"	0
"https://www.ncbi.nlm.nih.gov/pubmed/22794141"	0
"https://www.ncbi.nlm.nih.gov/pubmed/22799382"	0
"https://www.ncbi.nlm.nih.gov/pubmed/22800713"	0
"https://www.ncbi.nlm.nih.gov/pubmed/22814639"	0
"https://www.ncbi.nlm.nih.gov/pubmed/22833477"	0
"https://www.ncbi.nlm.nih.gov/pubmed/22835331"	0
"https://www.ncbi.nlm.nih.gov/pubmed/22836377"	0
"https://www.ncbi.nlm.nih.gov/pubmed/22847957"	0
"https://www.ncbi.nlm.nih.gov/pubmed/22863608"	0
"https://www.ncbi.nlm.nih.gov/pubmed/22869344"	0
"https://www.ncbi.nlm.nih.gov/pubmed/22900073"	0
"https://www.ncbi.nlm.nih.gov/pubmed/22900706"	0
"https://www.ncbi.nlm.nih.gov/pubmed/22901627"	0
"https://www.ncbi.nlm.nih.gov/pubmed/22906157"	0
"https://www.ncbi.nlm.nih.gov/pubmed/22906225"	0
"https://www.ncbi.nlm.nih.gov/pubmed/22917750"	0
"https://www.ncbi.nlm.nih.gov/pubmed/22922079"	0
"https://www.ncbi.nlm.nih.gov/pubmed/22924281"	0
"https://www.ncbi.nlm.nih.gov/pubmed/22924587"	0
"https://www.ncbi.nlm.nih.gov/pubmed/22932393"	0
"https://www.ncbi.nlm.nih.gov/pubmed/22936117"	0
"https://www.ncbi.nlm.nih.gov/pubmed/22946072"	0
"https://www.ncbi.nlm.nih.gov/pubmed/22952192"	0
"https://www.ncbi.nlm.nih.gov/pubmed/22956298"	0
"https://www.ncbi.nlm.nih.gov/pubmed/22974469"	0
"https://www.ncbi.nlm.nih.gov/pubmed/22982515"	0
"https://www.ncbi.nlm.nih.gov/pubmed/22982816"	0
"https://www.ncbi.nlm.nih.gov/pubmed/22984166"	0
"https://www.ncbi.nlm.nih.gov/pubmed/22986278"	0
"https://www.ncbi.nlm.nih.gov/pubmed/22986280"	0
"https://www.ncbi.nlm.nih.gov/pubmed/22987021"	0
"https://www.ncbi.nlm.nih.gov/pubmed/22989240"	0
"https://www.ncbi.nlm.nih.gov/pubmed/22989241"	0
"https://www.ncbi.nlm.nih.gov/pubmed/22992583"	0
"https://www.ncbi.nlm.nih.gov/pubmed/23008053"	0
"https://www.ncbi.nlm.nih.gov/pubmed/23021191"	0
"https://www.ncbi.nlm.nih.gov/pubmed/23025359"	0
"https://www.ncbi.nlm.nih.gov/pubmed/23036371"	0
"https://www.ncbi.nlm.nih.gov/pubmed/23052249"	0
"https://www.ncbi.nlm.nih.gov/pubmed/23059051"	0
"https://www.ncbi.nlm.nih.gov/pubmed/23062453"	0
"https://www.ncbi.nlm.nih.gov/pubmed/23062812"	0
"https://www.ncbi.nlm.nih.gov/pubmed/23072253"	0
"https://www.ncbi.nlm.nih.gov/pubmed/23078667"	0
"https://www.ncbi.nlm.nih.gov/pubmed/23081872"	0
"https://www.ncbi.nlm.nih.gov/pubmed/23083301"	0
"https://www.ncbi.nlm.nih.gov/pubmed/23098532"	0
"https://www.ncbi.nlm.nih.gov/pubmed/23101728"	0
"https://www.ncbi.nlm.nih.gov/pubmed/23124904"	0
"https://www.ncbi.nlm.nih.gov/pubmed/23131838"	0
"https://www.ncbi.nlm.nih.gov/pubmed/23140393"	0
"https://www.ncbi.nlm.nih.gov/pubmed/23148902"	0
"https://www.ncbi.nlm.nih.gov/pubmed/23153320"	0
"https://www.ncbi.nlm.nih.gov/pubmed/23155786"	0
"https://www.ncbi.nlm.nih.gov/pubmed/23155787"	0
"https://www.ncbi.nlm.nih.gov/pubmed/23180874"	0
"https://www.ncbi.nlm.nih.gov/pubmed/23194933"	0
"https://www.ncbi.nlm.nih.gov/pubmed/23195747"	0
"https://www.ncbi.nlm.nih.gov/pubmed/23207962"	0
"https://www.ncbi.nlm.nih.gov/pubmed/23225518"	0
"https://www.ncbi.nlm.nih.gov/pubmed/23230467"	0
"https://www.ncbi.nlm.nih.gov/pubmed/23235548"	0
"https://www.ncbi.nlm.nih.gov/pubmed/23237191"	0
"https://www.ncbi.nlm.nih.gov/pubmed/23240797"	0
"https://www.ncbi.nlm.nih.gov/pubmed/23249268"	0
"https://www.ncbi.nlm.nih.gov/pubmed/23253059"	0
"https://www.ncbi.nlm.nih.gov/pubmed/24176784"	0
"https://www.ncbi.nlm.nih.gov/pubmed/24851475"	0
"https://www.ncbi.nlm.nih.gov/pubmed/23273803"	0
"https://www.ncbi.nlm.nih.gov/pubmed/23278984"	0
"https://www.ncbi.nlm.nih.gov/pubmed/23279238"	0
"https://www.ncbi.nlm.nih.gov/pubmed/23281049"	0
"https://www.ncbi.nlm.nih.gov/pubmed/23287524"	0
"https://www.ncbi.nlm.nih.gov/pubmed/23298853"	0
"https://www.ncbi.nlm.nih.gov/pubmed/23298992"	0
"https://www.ncbi.nlm.nih.gov/pubmed/23319373"	0
"https://www.ncbi.nlm.nih.gov/pubmed/23332481"	0
"https://www.ncbi.nlm.nih.gov/pubmed/23337407"	0
"https://www.ncbi.nlm.nih.gov/pubmed/23337565"	0
"https://www.ncbi.nlm.nih.gov/pubmed/23371337"	0
"https://www.ncbi.nlm.nih.gov/pubmed/23376601"	0
"https://www.ncbi.nlm.nih.gov/pubmed/23379511"	0
"https://www.ncbi.nlm.nih.gov/pubmed/23380770"	0
"https://www.ncbi.nlm.nih.gov/pubmed/23383158"	0
"https://www.ncbi.nlm.nih.gov/pubmed/23385803"	0
"https://www.ncbi.nlm.nih.gov/pubmed/23398115"	0
"https://www.ncbi.nlm.nih.gov/pubmed/23398894"	0
"https://www.ncbi.nlm.nih.gov/pubmed/23403625"	0
"https://www.ncbi.nlm.nih.gov/pubmed/23411771"	0
"https://www.ncbi.nlm.nih.gov/pubmed/23414262"	0
"https://www.ncbi.nlm.nih.gov/pubmed/23417881"	0
"https://www.ncbi.nlm.nih.gov/pubmed/23417902"	0
"https://www.ncbi.nlm.nih.gov/pubmed/23445215"	0
"https://www.ncbi.nlm.nih.gov/pubmed/23449080"	0
"https://www.ncbi.nlm.nih.gov/pubmed/23456584"	0
"https://www.ncbi.nlm.nih.gov/pubmed/23458115"	0
"https://www.ncbi.nlm.nih.gov/pubmed/23463766"	0
"https://www.ncbi.nlm.nih.gov/pubmed/23504486"	0
"https://www.ncbi.nlm.nih.gov/pubmed/23516102"	0
"https://www.ncbi.nlm.nih.gov/pubmed/23524278"	0
"https://www.ncbi.nlm.nih.gov/pubmed/23533602"	0
"https://www.ncbi.nlm.nih.gov/pubmed/23534178"	0
"https://www.ncbi.nlm.nih.gov/pubmed/23534507"	0
"https://www.ncbi.nlm.nih.gov/pubmed/23554227"	0
"https://www.ncbi.nlm.nih.gov/pubmed/23574768"	0
"https://www.ncbi.nlm.nih.gov/pubmed/23576770"	0
"https://www.ncbi.nlm.nih.gov/pubmed/23579738"	0
"https://www.ncbi.nlm.nih.gov/pubmed/23580028"	0
"https://www.ncbi.nlm.nih.gov/pubmed/23591000"	0
"https://www.ncbi.nlm.nih.gov/pubmed/23593781"	0
"https://www.ncbi.nlm.nih.gov/pubmed/23609374"	0
"https://www.ncbi.nlm.nih.gov/pubmed/23615932"	0
"https://www.ncbi.nlm.nih.gov/pubmed/23624716"	0
"https://www.ncbi.nlm.nih.gov/pubmed/23627947"	0
"https://www.ncbi.nlm.nih.gov/pubmed/23632469"	0
"https://www.ncbi.nlm.nih.gov/pubmed/23635584"	0
"https://www.ncbi.nlm.nih.gov/pubmed/23639406"	0
"https://www.ncbi.nlm.nih.gov/pubmed/23641671"	0
"https://www.ncbi.nlm.nih.gov/pubmed/23642321"	0
"https://www.ncbi.nlm.nih.gov/pubmed/23643034"	0
"https://www.ncbi.nlm.nih.gov/pubmed/23643372"	0
"https://www.ncbi.nlm.nih.gov/pubmed/23643540"	0
"https://www.ncbi.nlm.nih.gov/pubmed/23645707"	0
"https://www.ncbi.nlm.nih.gov/pubmed/23651704"	0
"https://www.ncbi.nlm.nih.gov/pubmed/23658572"	0
"https://www.ncbi.nlm.nih.gov/pubmed/23661150"	0
"https://www.ncbi.nlm.nih.gov/pubmed/23672659"	0
"https://www.ncbi.nlm.nih.gov/pubmed/23684548"	0
"https://www.ncbi.nlm.nih.gov/pubmed/23703494"	0
"https://www.ncbi.nlm.nih.gov/pubmed/23703504"	0
"https://www.ncbi.nlm.nih.gov/pubmed/23712593"	0
"https://www.ncbi.nlm.nih.gov/pubmed/23730716"	0
"https://www.ncbi.nlm.nih.gov/pubmed/23756125"	0
"https://www.ncbi.nlm.nih.gov/pubmed/23764382"	0
"https://www.ncbi.nlm.nih.gov/pubmed/23770644"	0
"https://www.ncbi.nlm.nih.gov/pubmed/23774713"	0
"https://www.ncbi.nlm.nih.gov/pubmed/23775393"	0
"https://www.ncbi.nlm.nih.gov/pubmed/23782796"	0
"https://www.ncbi.nlm.nih.gov/pubmed/23784145"	0
"https://www.ncbi.nlm.nih.gov/pubmed/23789582"	0
"https://www.ncbi.nlm.nih.gov/pubmed/23794365"	0
"https://www.ncbi.nlm.nih.gov/pubmed/23796173"	0
"https://www.ncbi.nlm.nih.gov/pubmed/23796525"	0
"https://www.ncbi.nlm.nih.gov/pubmed/23797809"	0
"https://www.ncbi.nlm.nih.gov/pubmed/23803646"	0
"https://www.ncbi.nlm.nih.gov/pubmed/23811753"	0
"https://www.ncbi.nlm.nih.gov/pubmed/23815109"	0
"https://www.ncbi.nlm.nih.gov/pubmed/23819543"	0
"https://www.ncbi.nlm.nih.gov/pubmed/23820350"	0
"https://www.ncbi.nlm.nih.gov/pubmed/23850061"	0
"https://www.ncbi.nlm.nih.gov/pubmed/23855013"	0
"https://www.ncbi.nlm.nih.gov/pubmed/23855386"	0
"https://www.ncbi.nlm.nih.gov/pubmed/23864521"	0
"https://www.ncbi.nlm.nih.gov/pubmed/23875549"	0
"https://www.ncbi.nlm.nih.gov/pubmed/23875947"	0
"https://www.ncbi.nlm.nih.gov/pubmed/23880492"	0
"https://www.ncbi.nlm.nih.gov/pubmed/23886472"	0
"https://www.ncbi.nlm.nih.gov/pubmed/23893231"	0
"https://www.ncbi.nlm.nih.gov/pubmed/23895202"	0
"https://www.ncbi.nlm.nih.gov/pubmed/23901028"	0
"https://www.ncbi.nlm.nih.gov/pubmed/23912314"	0
"https://www.ncbi.nlm.nih.gov/pubmed/23918067"	0
"https://www.ncbi.nlm.nih.gov/pubmed/23924175"	0
"https://www.ncbi.nlm.nih.gov/pubmed/23925785"	0
"https://www.ncbi.nlm.nih.gov/pubmed/23930405"	0
"https://www.ncbi.nlm.nih.gov/pubmed/23930948"	0
"https://www.ncbi.nlm.nih.gov/pubmed/23931958"	0
"https://www.ncbi.nlm.nih.gov/pubmed/23950965"	0
"https://www.ncbi.nlm.nih.gov/pubmed/23952184"	0
"https://www.ncbi.nlm.nih.gov/pubmed/23961796"	0
"https://www.ncbi.nlm.nih.gov/pubmed/23965635"	0
"https://www.ncbi.nlm.nih.gov/pubmed/23967901"	0
"https://www.ncbi.nlm.nih.gov/pubmed/23968274"	0
"https://www.ncbi.nlm.nih.gov/pubmed/23974584"	0
"https://www.ncbi.nlm.nih.gov/pubmed/23983056"	0
"https://www.ncbi.nlm.nih.gov/pubmed/23990251"	0
"https://www.ncbi.nlm.nih.gov/pubmed/23993321"	0
"https://www.ncbi.nlm.nih.gov/pubmed/24004683"	0
"https://www.ncbi.nlm.nih.gov/pubmed/24005941"	0
"https://www.ncbi.nlm.nih.gov/pubmed/24007380"	0
"https://www.ncbi.nlm.nih.gov/pubmed/24010396"	0
"https://www.ncbi.nlm.nih.gov/pubmed/24021534"	0
"https://www.ncbi.nlm.nih.gov/pubmed/24022753"	0
"https://www.ncbi.nlm.nih.gov/pubmed/24037851"	0
"https://www.ncbi.nlm.nih.gov/pubmed/24038831"	0
"https://www.ncbi.nlm.nih.gov/pubmed/24041516"	0
"https://www.ncbi.nlm.nih.gov/pubmed/24051595"	0
"https://www.ncbi.nlm.nih.gov/pubmed/24066704"	0
"https://www.ncbi.nlm.nih.gov/pubmed/24080062"	0
"https://www.ncbi.nlm.nih.gov/pubmed/24083344"	0
"https://www.ncbi.nlm.nih.gov/pubmed/24093453"	0
"https://www.ncbi.nlm.nih.gov/pubmed/24111586"	0
"https://www.ncbi.nlm.nih.gov/pubmed/24131412"	0
"https://www.ncbi.nlm.nih.gov/pubmed/24131829"	0
"https://www.ncbi.nlm.nih.gov/pubmed/24165104"	0
"https://www.ncbi.nlm.nih.gov/pubmed/24174466"	0
"https://www.ncbi.nlm.nih.gov/pubmed/24184257"	0
"https://www.ncbi.nlm.nih.gov/pubmed/24192066"	0
"https://www.ncbi.nlm.nih.gov/pubmed/24195903"	0
"https://www.ncbi.nlm.nih.gov/pubmed/24228817"	0
"https://www.ncbi.nlm.nih.gov/pubmed/24238952"	0
"https://www.ncbi.nlm.nih.gov/pubmed/24240494"	0
"https://www.ncbi.nlm.nih.gov/pubmed/24245967"	0
"https://www.ncbi.nlm.nih.gov/pubmed/24248327"	0
"https://www.ncbi.nlm.nih.gov/pubmed/24256984"	0
"https://www.ncbi.nlm.nih.gov/pubmed/24265252"	0
"https://www.ncbi.nlm.nih.gov/pubmed/24281848"	0
"https://www.ncbi.nlm.nih.gov/pubmed/24283327"	0
"https://www.ncbi.nlm.nih.gov/pubmed/24284638"	0
"https://www.ncbi.nlm.nih.gov/pubmed/24287372"	0
"https://www.ncbi.nlm.nih.gov/pubmed/24287802"	0
"https://www.ncbi.nlm.nih.gov/pubmed/24290488"	0
"https://www.ncbi.nlm.nih.gov/pubmed/24299094"	0
"https://www.ncbi.nlm.nih.gov/pubmed/24300221"	0
"https://www.ncbi.nlm.nih.gov/pubmed/24308896"	0
"https://www.ncbi.nlm.nih.gov/pubmed/24309413"	0
"https://www.ncbi.nlm.nih.gov/pubmed/24311755"	0
"https://www.ncbi.nlm.nih.gov/pubmed/24327496"	0
"https://www.ncbi.nlm.nih.gov/pubmed/24331891"	0
"https://www.ncbi.nlm.nih.gov/pubmed/24337685"	0
"https://www.ncbi.nlm.nih.gov/pubmed/24344600"	0
"https://www.ncbi.nlm.nih.gov/pubmed/24347521"	0
"https://www.ncbi.nlm.nih.gov/pubmed/24348911"	0
"https://www.ncbi.nlm.nih.gov/pubmed/24361580"	0
"https://www.ncbi.nlm.nih.gov/pubmed/24367581"	0
"https://www.ncbi.nlm.nih.gov/pubmed/24367942"	0
"https://www.ncbi.nlm.nih.gov/pubmed/25796808"	0
"https://www.ncbi.nlm.nih.gov/pubmed/24372468"	0
"https://www.ncbi.nlm.nih.gov/pubmed/24378158"	0
"https://www.ncbi.nlm.nih.gov/pubmed/24382682"	0
"https://www.ncbi.nlm.nih.gov/pubmed/24391844"	0
"https://www.ncbi.nlm.nih.gov/pubmed/24392722"	0
"https://www.ncbi.nlm.nih.gov/pubmed/24392966"	0
"https://www.ncbi.nlm.nih.gov/pubmed/24395956"	0
"https://www.ncbi.nlm.nih.gov/pubmed/24402208"	0
"https://www.ncbi.nlm.nih.gov/pubmed/24402209"	0
"https://www.ncbi.nlm.nih.gov/pubmed/24403273"	0
"https://www.ncbi.nlm.nih.gov/pubmed/24410287"	0
"https://www.ncbi.nlm.nih.gov/pubmed/24411633"	0
"https://www.ncbi.nlm.nih.gov/pubmed/24422605"	0
"https://www.ncbi.nlm.nih.gov/pubmed/24436087"	0
"https://www.ncbi.nlm.nih.gov/pubmed/24443031"	0
"https://www.ncbi.nlm.nih.gov/pubmed/24449230"	0
"https://www.ncbi.nlm.nih.gov/pubmed/24456837"	0
"https://www.ncbi.nlm.nih.gov/pubmed/24469339"	0
"https://www.ncbi.nlm.nih.gov/pubmed/24482322"	0
"https://www.ncbi.nlm.nih.gov/pubmed/24490247"	0
"https://www.ncbi.nlm.nih.gov/pubmed/24507182"	0
"https://www.ncbi.nlm.nih.gov/pubmed/24508183"	0
"https://www.ncbi.nlm.nih.gov/pubmed/24512539"	0
"https://www.ncbi.nlm.nih.gov/pubmed/24553580"	0
"https://www.ncbi.nlm.nih.gov/pubmed/24559726"	0
"https://www.ncbi.nlm.nih.gov/pubmed/24562504"	0
"https://www.ncbi.nlm.nih.gov/pubmed/24567048"	0
"https://www.ncbi.nlm.nih.gov/pubmed/24572682"	0
"https://www.ncbi.nlm.nih.gov/pubmed/24588138"	0
"https://www.ncbi.nlm.nih.gov/pubmed/24604631"	0
"https://www.ncbi.nlm.nih.gov/pubmed/24618142"	0
"https://www.ncbi.nlm.nih.gov/pubmed/24629325"	0
"https://www.ncbi.nlm.nih.gov/pubmed/24632482"	0
"https://www.ncbi.nlm.nih.gov/pubmed/24633145"	0
"https://www.ncbi.nlm.nih.gov/pubmed/24636119"	0
"https://www.ncbi.nlm.nih.gov/pubmed/24650122"	0
"https://www.ncbi.nlm.nih.gov/pubmed/24659041"	0
"https://www.ncbi.nlm.nih.gov/pubmed/24661581"	0
"https://www.ncbi.nlm.nih.gov/pubmed/24664095"	0
"https://www.ncbi.nlm.nih.gov/pubmed/24666545"	0
"https://www.ncbi.nlm.nih.gov/pubmed/24667977"	0
"https://www.ncbi.nlm.nih.gov/pubmed/24678974"	0
"https://www.ncbi.nlm.nih.gov/pubmed/24690678"	0
"https://www.ncbi.nlm.nih.gov/pubmed/24691122"	0
"https://www.ncbi.nlm.nih.gov/pubmed/24692432"	0
"https://www.ncbi.nlm.nih.gov/pubmed/24700355"	0
"https://www.ncbi.nlm.nih.gov/pubmed/24702630"	0
"https://www.ncbi.nlm.nih.gov/pubmed/24713216"	0
"https://www.ncbi.nlm.nih.gov/pubmed/24730383"	0
"https://www.ncbi.nlm.nih.gov/pubmed/24735435"	0
"https://www.ncbi.nlm.nih.gov/pubmed/24740870"	0
"https://www.ncbi.nlm.nih.gov/pubmed/24742536"	0
"https://www.ncbi.nlm.nih.gov/pubmed/24746245"	0
"https://www.ncbi.nlm.nih.gov/pubmed/24747997"	0
"https://www.ncbi.nlm.nih.gov/pubmed/24754478"	0
"https://www.ncbi.nlm.nih.gov/pubmed/24766078"	0
"https://www.ncbi.nlm.nih.gov/pubmed/24777206"	0
"https://www.ncbi.nlm.nih.gov/pubmed/24785427"	0
"https://www.ncbi.nlm.nih.gov/pubmed/24785767"	0
"https://www.ncbi.nlm.nih.gov/pubmed/24792190"	0
"https://www.ncbi.nlm.nih.gov/pubmed/24807209"	0
"https://www.ncbi.nlm.nih.gov/pubmed/24811683"	0
"https://www.ncbi.nlm.nih.gov/pubmed/24821813"	0
"https://www.ncbi.nlm.nih.gov/pubmed/24838171"	0
"https://www.ncbi.nlm.nih.gov/pubmed/24839324"	0
"https://www.ncbi.nlm.nih.gov/pubmed/24842539"	0
"https://www.ncbi.nlm.nih.gov/pubmed/24844099"	0
"https://www.ncbi.nlm.nih.gov/pubmed/24850143"	0
"https://www.ncbi.nlm.nih.gov/pubmed/24851574"	0
"https://www.ncbi.nlm.nih.gov/pubmed/24852357"	0
"https://www.ncbi.nlm.nih.gov/pubmed/24866556"	0
"https://www.ncbi.nlm.nih.gov/pubmed/24882378"	0
"https://www.ncbi.nlm.nih.gov/pubmed/24888217"	0
"https://www.ncbi.nlm.nih.gov/pubmed/24893759"	0
"https://www.ncbi.nlm.nih.gov/pubmed/24912800"	0
"https://www.ncbi.nlm.nih.gov/pubmed/24933401"	0
"https://www.ncbi.nlm.nih.gov/pubmed/24956916"	0
"https://www.ncbi.nlm.nih.gov/pubmed/24960433"	0
"https://www.ncbi.nlm.nih.gov/pubmed/24961735"	0
"https://www.ncbi.nlm.nih.gov/pubmed/24969697"	0
"https://www.ncbi.nlm.nih.gov/pubmed/24983475"	0
"https://www.ncbi.nlm.nih.gov/pubmed/24985316"	0
"https://www.ncbi.nlm.nih.gov/pubmed/24985341"	0
"https://www.ncbi.nlm.nih.gov/pubmed/24999368"	0
"https://www.ncbi.nlm.nih.gov/pubmed/25001592"	0
"https://www.ncbi.nlm.nih.gov/pubmed/25012447"	0
"https://www.ncbi.nlm.nih.gov/pubmed/25017554"	0
"https://www.ncbi.nlm.nih.gov/pubmed/25023738"	0
"https://www.ncbi.nlm.nih.gov/pubmed/25036298"	0
"https://www.ncbi.nlm.nih.gov/pubmed/25054324"	0
"https://www.ncbi.nlm.nih.gov/pubmed/25060122"	0
"https://www.ncbi.nlm.nih.gov/pubmed/25063716"	0
"https://www.ncbi.nlm.nih.gov/pubmed/25063751"	0
"https://www.ncbi.nlm.nih.gov/pubmed/25065410"	0
"https://www.ncbi.nlm.nih.gov/pubmed/25079499"	0
"https://www.ncbi.nlm.nih.gov/pubmed/25086307"	0
"https://www.ncbi.nlm.nih.gov/pubmed/25086760"	0
"https://www.ncbi.nlm.nih.gov/pubmed/25089936"	0
"https://www.ncbi.nlm.nih.gov/pubmed/25102159"	0
"https://www.ncbi.nlm.nih.gov/pubmed/25105948"	0
"https://www.ncbi.nlm.nih.gov/pubmed/25111515"	0
"https://www.ncbi.nlm.nih.gov/pubmed/25128205"	0
"https://www.ncbi.nlm.nih.gov/pubmed/25130373"	0
"https://www.ncbi.nlm.nih.gov/pubmed/25137617"	0
"https://www.ncbi.nlm.nih.gov/pubmed/25145869"	0
"https://www.ncbi.nlm.nih.gov/pubmed/25157306"	0
"https://www.ncbi.nlm.nih.gov/pubmed/25158142"	0
"https://www.ncbi.nlm.nih.gov/pubmed/25159332"	0
"https://www.ncbi.nlm.nih.gov/pubmed/25159459"	0
"https://www.ncbi.nlm.nih.gov/pubmed/25164589"	0
"https://www.ncbi.nlm.nih.gov/pubmed/25173079"	0
"https://www.ncbi.nlm.nih.gov/pubmed/25174636"	0
"https://www.ncbi.nlm.nih.gov/pubmed/25179735"	0
"https://www.ncbi.nlm.nih.gov/pubmed/25182000"	0
"https://www.ncbi.nlm.nih.gov/pubmed/25183549"	0
"https://www.ncbi.nlm.nih.gov/pubmed/25198580"	0
"https://www.ncbi.nlm.nih.gov/pubmed/25200034"	0
"https://www.ncbi.nlm.nih.gov/pubmed/25200245"	0
"https://www.ncbi.nlm.nih.gov/pubmed/25205161"	0
"https://www.ncbi.nlm.nih.gov/pubmed/25207710"	0
"https://www.ncbi.nlm.nih.gov/pubmed/25211481"	0
"https://www.ncbi.nlm.nih.gov/pubmed/25218395"	0
"https://www.ncbi.nlm.nih.gov/pubmed/25218718"	0
"https://www.ncbi.nlm.nih.gov/pubmed/25221957"	0
"https://www.ncbi.nlm.nih.gov/pubmed/25239567"	0
"https://www.ncbi.nlm.nih.gov/pubmed/25239646"	0
"https://www.ncbi.nlm.nih.gov/pubmed/25246347"	0
"https://www.ncbi.nlm.nih.gov/pubmed/25257060"	0
"https://www.ncbi.nlm.nih.gov/pubmed/25263276"	0
"https://www.ncbi.nlm.nih.gov/pubmed/25266475"	0
"https://www.ncbi.nlm.nih.gov/pubmed/25284076"	0
"https://www.ncbi.nlm.nih.gov/pubmed/25288344"	0
"https://www.ncbi.nlm.nih.gov/pubmed/25288407"	0
"https://www.ncbi.nlm.nih.gov/pubmed/25292449"	0
"https://www.ncbi.nlm.nih.gov/pubmed/25293386"	0
"https://www.ncbi.nlm.nih.gov/pubmed/25294230"	0
"https://www.ncbi.nlm.nih.gov/pubmed/25305541"	0
"https://www.ncbi.nlm.nih.gov/pubmed/25307019"	0
"https://www.ncbi.nlm.nih.gov/pubmed/25315195"	0
"https://www.ncbi.nlm.nih.gov/pubmed/25322310"	0
"https://www.ncbi.nlm.nih.gov/pubmed/25322888"	0
"https://www.ncbi.nlm.nih.gov/pubmed/25323396"	0
"https://www.ncbi.nlm.nih.gov/pubmed/25326177"	0
"https://www.ncbi.nlm.nih.gov/pubmed/25331606"	0
"https://www.ncbi.nlm.nih.gov/pubmed/25346529"	0
"https://www.ncbi.nlm.nih.gov/pubmed/25348179"	0
"https://www.ncbi.nlm.nih.gov/pubmed/25352538"	0
"https://www.ncbi.nlm.nih.gov/pubmed/25388869"	0
"https://www.ncbi.nlm.nih.gov/pubmed/25399052"	0
"https://www.ncbi.nlm.nih.gov/pubmed/25406259"	0
"https://www.ncbi.nlm.nih.gov/pubmed/25418442"	0
"https://www.ncbi.nlm.nih.gov/pubmed/25421792"	0
"https://www.ncbi.nlm.nih.gov/pubmed/25435107"	0
"https://www.ncbi.nlm.nih.gov/pubmed/25462614"	0
"https://www.ncbi.nlm.nih.gov/pubmed/25465882"	0
"https://www.ncbi.nlm.nih.gov/pubmed/25467540"	0
"https://www.ncbi.nlm.nih.gov/pubmed/25469889"	0
"https://www.ncbi.nlm.nih.gov/pubmed/25470556"	0
"https://www.ncbi.nlm.nih.gov/pubmed/25474826"	0
"https://www.ncbi.nlm.nih.gov/pubmed/25496371"	0
"https://www.ncbi.nlm.nih.gov/pubmed/25498762"	0
"https://www.ncbi.nlm.nih.gov/pubmed/25499142"	0
"https://www.ncbi.nlm.nih.gov/pubmed/25500344"	0
"https://www.ncbi.nlm.nih.gov/pubmed/25534314"	0
"https://www.ncbi.nlm.nih.gov/pubmed/25536936"	0
"https://www.ncbi.nlm.nih.gov/pubmed/25547869"	0
"https://www.ncbi.nlm.nih.gov/pubmed/25556107"	0
"https://www.ncbi.nlm.nih.gov/pubmed/25556674"	0
"https://www.ncbi.nlm.nih.gov/pubmed/25562379"	0
"https://www.ncbi.nlm.nih.gov/pubmed/25564544"	0
"https://www.ncbi.nlm.nih.gov/pubmed/25577026"	0
"https://www.ncbi.nlm.nih.gov/pubmed/25581438"	0
"https://www.ncbi.nlm.nih.gov/pubmed/25588112"	0
"https://www.ncbi.nlm.nih.gov/pubmed/25591729"	0
"https://www.ncbi.nlm.nih.gov/pubmed/25595052"	0
"https://www.ncbi.nlm.nih.gov/pubmed/25596176"	0
"https://www.ncbi.nlm.nih.gov/pubmed/25601331"	0
"https://www.ncbi.nlm.nih.gov/pubmed/25604630"	0
"https://www.ncbi.nlm.nih.gov/pubmed/25607900"	0
"https://www.ncbi.nlm.nih.gov/pubmed/25622071"	0
"https://www.ncbi.nlm.nih.gov/pubmed/25642655"	0
"https://www.ncbi.nlm.nih.gov/pubmed/25642778"	0
"https://www.ncbi.nlm.nih.gov/pubmed/25647070"	0
"https://www.ncbi.nlm.nih.gov/pubmed/25652340"	0
"https://www.ncbi.nlm.nih.gov/pubmed/25662810"	0
"https://www.ncbi.nlm.nih.gov/pubmed/25663552"	0
"https://www.ncbi.nlm.nih.gov/pubmed/25665587"	0
"https://www.ncbi.nlm.nih.gov/pubmed/25666898"	0
"https://www.ncbi.nlm.nih.gov/pubmed/25668163"	0
"https://www.ncbi.nlm.nih.gov/pubmed/25680944"	0
"https://www.ncbi.nlm.nih.gov/pubmed/25683075"	0
"https://www.ncbi.nlm.nih.gov/pubmed/25686910"	0
"https://www.ncbi.nlm.nih.gov/pubmed/25695426"	0
"https://www.ncbi.nlm.nih.gov/pubmed/25700535"	0
"https://www.ncbi.nlm.nih.gov/pubmed/25702797"	0
"https://www.ncbi.nlm.nih.gov/pubmed/25717053"	0
"https://www.ncbi.nlm.nih.gov/pubmed/25720045"	0
"https://www.ncbi.nlm.nih.gov/pubmed/25732512"	0
"https://www.ncbi.nlm.nih.gov/pubmed/25740818"	0
"https://www.ncbi.nlm.nih.gov/pubmed/25759094"	0
"https://www.ncbi.nlm.nih.gov/pubmed/25765757"	0
"https://www.ncbi.nlm.nih.gov/pubmed/25771820"	0
"https://www.ncbi.nlm.nih.gov/pubmed/25778773"	0
"https://www.ncbi.nlm.nih.gov/pubmed/25786412"	0
"https://www.ncbi.nlm.nih.gov/pubmed/25793597"	0
"https://www.ncbi.nlm.nih.gov/pubmed/25798336"	0
"https://www.ncbi.nlm.nih.gov/pubmed/25798475"	0
"https://www.ncbi.nlm.nih.gov/pubmed/25798480"	0
"https://www.ncbi.nlm.nih.gov/pubmed/25800148"	0
"https://www.ncbi.nlm.nih.gov/pubmed/25801753"	0
"https://www.ncbi.nlm.nih.gov/pubmed/25815196"	0
"https://www.ncbi.nlm.nih.gov/pubmed/25821043"	0
"https://www.ncbi.nlm.nih.gov/pubmed/25846805"	0
"https://www.ncbi.nlm.nih.gov/pubmed/25851615"	0
"https://www.ncbi.nlm.nih.gov/pubmed/25862338"	0
"https://www.ncbi.nlm.nih.gov/pubmed/25862740"	0
"https://www.ncbi.nlm.nih.gov/pubmed/25865120"	0
"https://www.ncbi.nlm.nih.gov/pubmed/25875924"	0
"https://www.ncbi.nlm.nih.gov/pubmed/25877832"	0
"https://www.ncbi.nlm.nih.gov/pubmed/25880698"	0
"https://www.ncbi.nlm.nih.gov/pubmed/25880949"	0
"https://www.ncbi.nlm.nih.gov/pubmed/25881325"	0
"https://www.ncbi.nlm.nih.gov/pubmed/25890344"	0
"https://www.ncbi.nlm.nih.gov/pubmed/25891640"	0
"https://www.ncbi.nlm.nih.gov/pubmed/25900604"	0
"https://www.ncbi.nlm.nih.gov/pubmed/25901374"	0
"https://www.ncbi.nlm.nih.gov/pubmed/25905913"	0
"https://www.ncbi.nlm.nih.gov/pubmed/25919481"	0
"https://www.ncbi.nlm.nih.gov/pubmed/25925309"	0
"https://www.ncbi.nlm.nih.gov/pubmed/25934133"	0
"https://www.ncbi.nlm.nih.gov/pubmed/25940021"	0
"https://www.ncbi.nlm.nih.gov/pubmed/25961117"	0
"https://www.ncbi.nlm.nih.gov/pubmed/25963994"	0
"https://www.ncbi.nlm.nih.gov/pubmed/25965909"	0
"https://www.ncbi.nlm.nih.gov/pubmed/25967356"	0
"https://www.ncbi.nlm.nih.gov/pubmed/25967381"	0
"https://www.ncbi.nlm.nih.gov/pubmed/25967587"	0
"https://www.ncbi.nlm.nih.gov/pubmed/25976615"	0
"https://www.ncbi.nlm.nih.gov/pubmed/25985114"	0
"https://www.ncbi.nlm.nih.gov/pubmed/25993333"	0
"https://www.ncbi.nlm.nih.gov/pubmed/26003821"	0
"https://www.ncbi.nlm.nih.gov/pubmed/26009310"	0
"https://www.ncbi.nlm.nih.gov/pubmed/26017935"	0
"https://www.ncbi.nlm.nih.gov/pubmed/26022856"	0
"https://www.ncbi.nlm.nih.gov/pubmed/26037889"	0
"https://www.ncbi.nlm.nih.gov/pubmed/26038283"	0
"https://www.ncbi.nlm.nih.gov/pubmed/26042649"	0
"https://www.ncbi.nlm.nih.gov/pubmed/26044258"	0
"https://www.ncbi.nlm.nih.gov/pubmed/26058452"	0
"https://www.ncbi.nlm.nih.gov/pubmed/26107639"	0
"https://www.ncbi.nlm.nih.gov/pubmed/26118352"	0
"https://www.ncbi.nlm.nih.gov/pubmed/26118822"	0
"https://www.ncbi.nlm.nih.gov/pubmed/26133004"	0
"https://www.ncbi.nlm.nih.gov/pubmed/26133204"	0
"https://www.ncbi.nlm.nih.gov/pubmed/26135064"	0
"https://www.ncbi.nlm.nih.gov/pubmed/26147563"	0
"https://www.ncbi.nlm.nih.gov/pubmed/26156827"	0
"https://www.ncbi.nlm.nih.gov/pubmed/26169656"	0
"https://www.ncbi.nlm.nih.gov/pubmed/26174427"	0
"https://www.ncbi.nlm.nih.gov/pubmed/26175172"	0
"https://www.ncbi.nlm.nih.gov/pubmed/26180979"	0
"https://www.ncbi.nlm.nih.gov/pubmed/26193950"	0
"https://www.ncbi.nlm.nih.gov/pubmed/26210859"	0
"https://www.ncbi.nlm.nih.gov/pubmed/26218661"	0
"https://www.ncbi.nlm.nih.gov/pubmed/26219232"	0
"https://www.ncbi.nlm.nih.gov/pubmed/26252665"	0
"https://www.ncbi.nlm.nih.gov/pubmed/26280492"	0
"https://www.ncbi.nlm.nih.gov/pubmed/26289496"	0
"https://www.ncbi.nlm.nih.gov/pubmed/26299601"	0
"https://www.ncbi.nlm.nih.gov/pubmed/26306808"	0
"https://www.ncbi.nlm.nih.gov/pubmed/26307532"	0
"https://www.ncbi.nlm.nih.gov/pubmed/26317554"	0
"https://www.ncbi.nlm.nih.gov/pubmed/26334403"	0
"https://www.ncbi.nlm.nih.gov/pubmed/26342628"	0
"https://www.ncbi.nlm.nih.gov/pubmed/26346173"	0
"https://www.ncbi.nlm.nih.gov/pubmed/26358378"	0
"https://www.ncbi.nlm.nih.gov/pubmed/26364525"	0
"https://www.ncbi.nlm.nih.gov/pubmed/26398002"	0
"https://www.ncbi.nlm.nih.gov/pubmed/26406770"	0
"https://www.ncbi.nlm.nih.gov/pubmed/26409379"	0
"https://www.ncbi.nlm.nih.gov/pubmed/26422711"	0
"https://www.ncbi.nlm.nih.gov/pubmed/26429757"	0
"https://www.ncbi.nlm.nih.gov/pubmed/26443924"	0
"https://www.ncbi.nlm.nih.gov/pubmed/26446496"	0
"https://www.ncbi.nlm.nih.gov/pubmed/26454559"	0
"https://www.ncbi.nlm.nih.gov/pubmed/26457669"	0
"https://www.ncbi.nlm.nih.gov/pubmed/26459266"	0
"https://www.ncbi.nlm.nih.gov/pubmed/26474266"	0
"https://www.ncbi.nlm.nih.gov/pubmed/26474942"	0
"https://www.ncbi.nlm.nih.gov/pubmed/26489079"	0
"https://www.ncbi.nlm.nih.gov/pubmed/26490836"	0
"https://www.ncbi.nlm.nih.gov/pubmed/26493483"	0
"https://www.ncbi.nlm.nih.gov/pubmed/26503900"	0
"https://www.ncbi.nlm.nih.gov/pubmed/26522675"	0
"https://www.ncbi.nlm.nih.gov/pubmed/26527536"	0
"https://www.ncbi.nlm.nih.gov/pubmed/26560843"	0
"https://www.ncbi.nlm.nih.gov/pubmed/26581019"	0
"https://www.ncbi.nlm.nih.gov/pubmed/26605706"	0
"https://www.ncbi.nlm.nih.gov/pubmed/26610671"	0
"https://www.ncbi.nlm.nih.gov/pubmed/26620060"	0
"https://www.ncbi.nlm.nih.gov/pubmed/26632027"	0
"https://www.ncbi.nlm.nih.gov/pubmed/26633268"	0
"https://www.ncbi.nlm.nih.gov/pubmed/26634662"	0
"https://www.ncbi.nlm.nih.gov/pubmed/26647846"	0
"https://www.ncbi.nlm.nih.gov/pubmed/26648588"	0
"https://www.ncbi.nlm.nih.gov/pubmed/26655635"	0
"https://www.ncbi.nlm.nih.gov/pubmed/26668435"	0
"https://www.ncbi.nlm.nih.gov/pubmed/26673983"	0
"https://www.ncbi.nlm.nih.gov/pubmed/26676597"	0
"https://www.ncbi.nlm.nih.gov/pubmed/26694631"	0
"https://www.ncbi.nlm.nih.gov/pubmed/26700036"	0
"https://www.ncbi.nlm.nih.gov/pubmed/26703906"	0
"https://www.ncbi.nlm.nih.gov/pubmed/26705211"	0
"https://www.ncbi.nlm.nih.gov/pubmed/26708234"	0
"https://www.ncbi.nlm.nih.gov/pubmed/26720506"	0
"https://www.ncbi.nlm.nih.gov/pubmed/26724908"	0
"https://www.ncbi.nlm.nih.gov/pubmed/26725476"	0
"https://www.ncbi.nlm.nih.gov/pubmed/26727569"	0
"https://www.ncbi.nlm.nih.gov/pubmed/26733122"	0
"https://www.ncbi.nlm.nih.gov/pubmed/26742383"	0
"https://www.ncbi.nlm.nih.gov/pubmed/26743466"	0
"https://www.ncbi.nlm.nih.gov/pubmed/26749023"	0
"https://www.ncbi.nlm.nih.gov/pubmed/26751363"	0
"https://www.ncbi.nlm.nih.gov/pubmed/26751731"	0
"https://www.ncbi.nlm.nih.gov/pubmed/26765547"	0
"https://www.ncbi.nlm.nih.gov/pubmed/26771076"	0
"https://www.ncbi.nlm.nih.gov/pubmed/26783760"	0
"https://www.ncbi.nlm.nih.gov/pubmed/26795678"	0
"https://www.ncbi.nlm.nih.gov/pubmed/26808092"	0
"https://www.ncbi.nlm.nih.gov/pubmed/26812372"	0
"https://www.ncbi.nlm.nih.gov/pubmed/26838005"	0
"https://www.ncbi.nlm.nih.gov/pubmed/26846076"	0
"https://www.ncbi.nlm.nih.gov/pubmed/26855982"	0
"https://www.ncbi.nlm.nih.gov/pubmed/26873611"	0
"https://www.ncbi.nlm.nih.gov/pubmed/26891457"	0
"https://www.ncbi.nlm.nih.gov/pubmed/26899801"	0
"https://www.ncbi.nlm.nih.gov/pubmed/26906641"	0
"https://www.ncbi.nlm.nih.gov/pubmed/26914679"	0
"https://www.ncbi.nlm.nih.gov/pubmed/26966551"	0
"https://www.ncbi.nlm.nih.gov/pubmed/26966802"	0
"https://www.ncbi.nlm.nih.gov/pubmed/26969465"	0
"https://www.ncbi.nlm.nih.gov/pubmed/26971125"	0
"https://www.ncbi.nlm.nih.gov/pubmed/26973573"	0
"https://www.ncbi.nlm.nih.gov/pubmed/26991834"	0
"https://www.ncbi.nlm.nih.gov/pubmed/27003298"	0
"https://www.ncbi.nlm.nih.gov/pubmed/27034054"	0
"https://www.ncbi.nlm.nih.gov/pubmed/27065463"	0
"https://www.ncbi.nlm.nih.gov/pubmed/27074339"	0
"https://www.ncbi.nlm.nih.gov/pubmed/27082442"	0
"https://www.ncbi.nlm.nih.gov/pubmed/27112063"	0
"https://www.ncbi.nlm.nih.gov/pubmed/27128476"	0
"https://www.ncbi.nlm.nih.gov/pubmed/27132760"	0
"https://www.ncbi.nlm.nih.gov/pubmed/27135961"	0
"https://www.ncbi.nlm.nih.gov/pubmed/27142432"	0
"https://www.ncbi.nlm.nih.gov/pubmed/27171613"	0
"https://www.ncbi.nlm.nih.gov/pubmed/27207089"	0
"https://www.ncbi.nlm.nih.gov/pubmed/27207591"	0
"https://www.ncbi.nlm.nih.gov/pubmed/27221984"	0
"https://www.ncbi.nlm.nih.gov/pubmed/27245669"	0
"https://www.ncbi.nlm.nih.gov/pubmed/27405139"	0
"https://www.ncbi.nlm.nih.gov/pubmed/27421746"	0
"https://www.ncbi.nlm.nih.gov/pubmed/27443031"	0
"https://www.ncbi.nlm.nih.gov/pubmed/27447922"	0
"https://www.ncbi.nlm.nih.gov/pubmed/27490853"	0
"https://www.ncbi.nlm.nih.gov/pubmed/27614907"	0
"https://www.ncbi.nlm.nih.gov/pubmed/27657743"	0
"https://www.ncbi.nlm.nih.gov/pubmed/27703097"	0
"https://www.ncbi.nlm.nih.gov/pubmed/27723928"	0
"https://www.ncbi.nlm.nih.gov/pubmed/27744270"	0
"https://www.ncbi.nlm.nih.gov/pubmed/27782921"	0
"https://www.ncbi.nlm.nih.gov/pubmed/27785581"	0
"https://www.ncbi.nlm.nih.gov/pubmed/27015691"	0
"https://www.ncbi.nlm.nih.gov/pubmed/27726123"	0
"https://www.ncbi.nlm.nih.gov/pubmed/27840613"	0
"https://www.ncbi.nlm.nih.gov/pubmed/27859009"	0
"https://www.ncbi.nlm.nih.gov/pubmed/27917459"	0
"https://www.ncbi.nlm.nih.gov/pubmed/27923337"	0
"https://www.ncbi.nlm.nih.gov/pubmed/27930959"	0
"https://www.ncbi.nlm.nih.gov/pubmed/27956479"	0
"https://www.ncbi.nlm.nih.gov/pubmed/27993245"	0
"https://www.ncbi.nlm.nih.gov/pubmed/27995812"	0
"https://www.ncbi.nlm.nih.gov/pubmed/27997851"	0
"https://www.ncbi.nlm.nih.gov/pubmed/28017518"	0
"https://www.ncbi.nlm.nih.gov/pubmed/28030746"	0
"https://www.ncbi.nlm.nih.gov/pubmed/28033502"	0
"https://www.ncbi.nlm.nih.gov/pubmed/28040827"	0
"https://www.ncbi.nlm.nih.gov/pubmed/28045882"	0
"https://www.ncbi.nlm.nih.gov/pubmed/28158896"	0
"https://www.ncbi.nlm.nih.gov/pubmed/28199455"	0
"https://www.ncbi.nlm.nih.gov/pubmed/28241490"	0
"https://www.ncbi.nlm.nih.gov/pubmed/28243582"	0
"https://www.ncbi.nlm.nih.gov/pubmed/28262656"	0
"https://www.ncbi.nlm.nih.gov/pubmed/28541762"	0
